{
  "config": {
    "clean_run_dir": "experiments/rttdp_brainuicl_runs/probe10_stealth_loss_trainbias_next",
    "attack_run_dir": "experiments/rttdp_brainuicl_runs/probe10_stealth_loss_trainbias_next",
    "attack_variant": "attack_stealth_loss_drift",
    "seed": 4321,
    "device": "cuda:0",
    "final_step": 10
  },
  "clean_summary": {
    "initial_acc": 0.591980638741104,
    "before_acc": 0.5920039650272209,
    "after_acc": 0.6151745638082847,
    "initial_mf1": 0.5024796990779837,
    "before_mf1": 0.5054106596830572,
    "after_mf1": 0.5274961068516304
  },
  "attack_summary": {
    "initial_acc": 0.591980638741104,
    "before_acc": 0.5996730858288998,
    "after_acc": 0.6329292625978673,
    "initial_mf1": 0.5024796990779837,
    "before_mf1": 0.517358368469907,
    "after_mf1": 0.5442412761168283
  },
  "clean_final": {
    "acc": 0.6501796407185628,
    "mf1": 0.6032201245242936,
    "aaa": 0.7046271094175286,
    "aaf1": 0.6828109327345376,
    "fr": 0.07441820816639684
  },
  "attack_final": {
    "acc": 0.678502994011976,
    "mf1": 0.6448608280816088,
    "aaa": 0.7084485574305933,
    "aaf1": 0.6863171910915433,
    "fr": 0.034097689881510636
  },
  "final_delta_attack_minus_clean": {
    "acc": 0.028323353293413178,
    "mf1": 0.041640703557315195,
    "aaa": 0.003821448013064721,
    "aaf1": 0.003506258357005687,
    "fr": -0.040320518284886205
  },
  "clean_low_point": {
    "min_acc": 0.6501796407185628,
    "min_acc_step": 10,
    "min_mf1": 0.6032201245242936,
    "min_mf1_step": 10
  },
  "attack_low_point": {
    "min_acc": 0.678502994011976,
    "min_acc_step": 10,
    "min_mf1": 0.6448608280816088,
    "min_mf1_step": 10
  },
  "clean_buffer": {
    "final_length": 1271,
    "total_added": 241,
    "total_biased": 0,
    "mean_added": 24.1
  },
  "attack_buffer": {
    "final_length": 1235,
    "total_added": 205,
    "total_biased": 99,
    "mean_added": 20.5
  },
  "attack_diagnostics": {
    "clean_pass_rate": {
      "mean": 0.44716464285068935,
      "min": 0.0,
      "max": 0.8446969696969697
    },
    "adv_pass_rate": {
      "mean": 0.5903641603874161,
      "min": 0.0,
      "max": 0.9418604651162791
    },
    "accepted_rate": {
      "mean": 0.5903641603874161,
      "min": 0.0,
      "max": 0.9418604651162791
    },
    "mean_rel_eog": {
      "mean": 0.018327637561338227,
      "min": 0.0,
      "max": 0.030283477674755786
    },
    "mean_rel_eeg": {
      "mean": 0.015737776480252957,
      "min": 0.0,
      "max": 0.024641868761844106
    },
    "mean_feature_shift": {
      "mean": 24.97318749427796,
      "min": 0.0,
      "max": 47.710570441352
    }
  },
  "final_checkpoint_eval": {
    "old_generalization": {
      "subjects": [
        6,
        14,
        32,
        39,
        43,
        44,
        51,
        56,
        59,
        62,
        67,
        68,
        72,
        73,
        75,
        88,
        90,
        92,
        100
      ],
      "clean": {
        "acc": 0.6501796407185628,
        "mf1": 0.6032201245242936,
        "n_epochs": 16700
      },
      "attack": {
        "acc": 0.678502994011976,
        "mf1": 0.6448608280816088,
        "n_epochs": 16700
      },
      "delta_attack_minus_clean": {
        "acc": 0.028323353293413178,
        "mf1": 0.041640703557315195
      }
    },
    "new_order_all": {
      "subjects": [
        64,
        89,
        1,
        27,
        60,
        5,
        52,
        42,
        80,
        26
      ],
      "clean": {
        "acc": 0.5254504504504505,
        "mf1": 0.48235042273018375,
        "n_epochs": 8880
      },
      "attack": {
        "acc": 0.5764639639639639,
        "mf1": 0.5363737348505611,
        "n_epochs": 8880
      },
      "delta_attack_minus_clean": {
        "acc": 0.051013513513513464,
        "mf1": 0.05402331212037731
      }
    },
    "source_train": {
      "subjects": [
        7,
        16,
        18,
        23,
        24,
        28,
        30,
        34,
        35,
        37,
        38,
        41,
        45,
        48,
        50,
        53,
        69,
        71,
        74,
        78,
        79,
        82,
        93,
        94
      ],
      "clean": {
        "acc": 0.6644174757281553,
        "mf1": 0.6357424870388682,
        "n_epochs": 20600
      },
      "attack": {
        "acc": 0.7018446601941748,
        "mf1": 0.6829779005963234,
        "n_epochs": 20600
      },
      "delta_attack_minus_clean": {
        "acc": 0.03742718446601945,
        "mf1": 0.0472354135574552
      }
    },
    "validation": {
      "subjects": [
        12,
        21,
        29,
        58,
        76,
        77
      ],
      "clean": {
        "acc": 0.6003802281368821,
        "mf1": 0.5567006750364314,
        "n_epochs": 5260
      },
      "attack": {
        "acc": 0.6319391634980989,
        "mf1": 0.6032215733896159,
        "n_epochs": 5260
      },
      "delta_attack_minus_clean": {
        "acc": 0.03155893536121679,
        "mf1": 0.046520898353184514
      }
    }
  }
}