{
  "performance": {
    "stability": {
      "ACC": [
        0.7024550898203593,
        0.7170059880239521,
        0.7201796407185629,
        0.7137724550898203,
        0.6939520958083832,
        0.7226347305389221,
        0.7075449101796407,
        0.7203592814371258,
        0.6956287425149701,
        0.7208982035928144,
        0.678502994011976
      ],
      "MF1": [
        0.6880332943309935,
        0.6981524177338948,
        0.704845104556888,
        0.6851711655189818,
        0.6553942540727952,
        0.7068690058374607,
        0.6731663853666248,
        0.7091731847746949,
        0.6766803274104933,
        0.7071431343225411,
        0.6448608280816088
      ],
      "AAA": [
        0.7024550898203593,
        0.7097305389221558,
        0.7132135728542915,
        0.7133532934131737,
        0.7094730538922156,
        0.7116666666666668,
        0.7110778443113773,
        0.7122380239520958,
        0.7103925482368596,
        0.7114431137724551,
        0.7084485574305933
      ],
      "AAF1": [
        0.6880332943309935,
        0.6930928560324441,
        0.6970102722072588,
        0.6940504955351896,
        0.6863192472427107,
        0.6897442070085024,
        0.6873759467739484,
        0.6901006015240416,
        0.6886094599558696,
        0.6904628273925367,
        0.6863171910915433
      ],
      "FR": [
        0.0,
        0.020714346603017606,
        0.025232290512317762,
        0.016111158469013658,
        0.012104679907936271,
        0.02872730372517254,
        0.0072457590998209415,
        0.025488023186429145,
        0.009717841616230504,
        0.026255221208763134,
        0.034097689881510636
      ]
    },
    "plasticity": {
      "64": {
        "ACC": [
          0.7290697674418605,
          0.7290697674418605,
          0.7418604651162791
        ],
        "MF1": [
          0.7631163096154122,
          0.7631163096154122,
          0.7634963015757089
        ]
      },
      "89": {
        "ACC": [
          0.801,
          0.746,
          0.76
        ],
        "MF1": [
          0.7326458009878241,
          0.6797415392120865,
          0.6952358824581066
        ]
      },
      "1": {
        "ACC": [
          0.2,
          0.24767441860465117,
          0.23953488372093024
        ],
        "MF1": [
          0.09178451178451179,
          0.1526173292367514,
          0.14764335588058558
        ]
      },
      "27": {
        "ACC": [
          0.7170454545454545,
          0.7840909090909091,
          0.678409090909091
        ],
        "MF1": [
          0.6478294628169081,
          0.7073039132597558,
          0.5965029577802418
        ]
      },
      "60": {
        "ACC": [
          0.7068181818181818,
          0.6909090909090909,
          0.7090909090909091
        ],
        "MF1": [
          0.6198544430288646,
          0.6019994798747874,
          0.6382812573151433
        ]
      },
      "5": {
        "ACC": [
          0.3107142857142857,
          0.37023809523809526,
          0.4642857142857143
        ],
        "MF1": [
          0.11302397770724026,
          0.23150187969924813,
          0.24558811430783747
        ]
      },
      "52": {
        "ACC": [
          0.7977272727272727,
          0.7772727272727272,
          0.8068181818181818
        ],
        "MF1": [
          0.7618650459366945,
          0.7353052889014101,
          0.7648502111357977
        ]
      },
      "42": {
        "ACC": [
          0.7897435897435897,
          0.8115384615384615,
          0.8115384615384615
        ],
        "MF1": [
          0.5786981067581205,
          0.6634974977458162,
          0.6856689799694768
        ]
      },
      "80": {
        "ACC": [
          0.6744186046511628,
          0.641860465116279,
          0.708139534883721
        ],
        "MF1": [
          0.6381494707872878,
          0.5470254650166817,
          0.6559297567319962
        ]
      },
      "26": {
        "ACC": [
          0.19326923076923078,
          0.19807692307692307,
          0.4096153846153846
        ],
        "MF1": [
          0.07782986135697392,
          0.09147498213712135,
          0.2492159440133881
        ]
      }
    },
    "buffer": [
      {
        "step": 1,
        "subject": 64,
        "added": 21,
        "length": 1051,
        "biased": 12
      },
      {
        "step": 2,
        "subject": 89,
        "added": 34,
        "length": 1085,
        "biased": 12
      },
      {
        "step": 3,
        "subject": 1,
        "added": 0,
        "length": 1085
      },
      {
        "step": 4,
        "subject": 27,
        "added": 34,
        "length": 1119,
        "biased": 14
      },
      {
        "step": 5,
        "subject": 60,
        "added": 31,
        "length": 1150,
        "biased": 16
      },
      {
        "step": 6,
        "subject": 5,
        "added": 1,
        "length": 1151,
        "biased": 1
      },
      {
        "step": 7,
        "subject": 52,
        "added": 28,
        "length": 1179,
        "biased": 13
      },
      {
        "step": 8,
        "subject": 42,
        "added": 26,
        "length": 1205,
        "biased": 20
      },
      {
        "step": 9,
        "subject": 80,
        "added": 30,
        "length": 1235,
        "biased": 11
      },
      {
        "step": 10,
        "subject": 26,
        "added": 0,
        "length": 1235
      }
    ],
    "attack_diagnostics": [
      {
        "attempted": 258,
        "clean_pass_rate": 0.437984496124031,
        "adv_pass_rate": 0.9418604651162791,
        "accepted_rate": 0.9418604651162791,
        "mean_rel_eog": 0.02479018136445019,
        "mean_rel_eeg": 0.024242503982451227,
        "mean_feature_shift": 47.710570441352,
        "step": 1,
        "subject": 64
      },
      {
        "attempted": 300,
        "clean_pass_rate": 0.61,
        "adv_pass_rate": 0.8133333333333334,
        "accepted_rate": 0.8133333333333334,
        "mean_rel_eog": 0.024927561753429472,
        "mean_rel_eeg": 0.022067467177597184,
        "mean_feature_shift": 39.74337418874105,
        "step": 2,
        "subject": 89
      },
      {
        "attempted": 258,
        "clean_pass_rate": 0.0,
        "adv_pass_rate": 0.0,
        "accepted_rate": 0.0,
        "mean_rel_eog": 0.0,
        "mean_rel_eeg": 0.0,
        "mean_feature_shift": 0.0,
        "step": 3,
        "subject": 1
      },
      {
        "attempted": 264,
        "clean_pass_rate": 0.8446969696969697,
        "adv_pass_rate": 0.7765151515151515,
        "accepted_rate": 0.7765151515151515,
        "mean_rel_eog": 0.025339528918266296,
        "mean_rel_eeg": 0.021468044569094975,
        "mean_feature_shift": 28.20693932639228,
        "step": 4,
        "subject": 27
      },
      {
        "attempted": 264,
        "clean_pass_rate": 0.6439393939393939,
        "adv_pass_rate": 0.8333333333333334,
        "accepted_rate": 0.8333333333333334,
        "mean_rel_eog": 0.02592682321038511,
        "mean_rel_eeg": 0.01976077662159999,
        "mean_feature_shift": 26.88244130876329,
        "step": 5,
        "subject": 60
      },
      {
        "attempted": 252,
        "clean_pass_rate": 0.0,
        "adv_pass_rate": 0.0,
        "accepted_rate": 0.0,
        "mean_rel_eog": 0.0,
        "mean_rel_eeg": 0.0,
        "mean_feature_shift": 0.0,
        "step": 6,
        "subject": 5
      },
      {
        "attempted": 264,
        "clean_pass_rate": 0.6742424242424242,
        "adv_pass_rate": 0.9128787878787878,
        "accepted_rate": 0.9128787878787878,
        "mean_rel_eog": 0.030283477674755786,
        "mean_rel_eeg": 0.02319333805806107,
        "mean_feature_shift": 34.942760679456924,
        "step": 7,
        "subject": 52
      },
      {
        "attempted": 234,
        "clean_pass_rate": 0.6367521367521367,
        "adv_pass_rate": 0.7264957264957265,
        "accepted_rate": 0.7264957264957265,