{
  "performance": {
    "stability": {
      "ACC": [
        0.7023952095808383,
        0.6532934131736527
      ],
      "MF1": [
        0.6879558256933758,
        0.6259841465730445
      ],
      "AAA": [
        0.7023952095808383,
        0.6778443113772455
      ],
      "AAF1": [
        0.6879558256933758,
        0.6569699861332101
      ],
      "FR": [
        0.0,
        0.06990622335890873
      ]
    },
    "plasticity": {
      "64": {
        "ACC": [
          0.7290697674418605,
          0.7290697674418605,
          0.6558139534883721
        ],
        "MF1": [
          0.7631163096154122,
          0.7631163096154122,
          0.6804311468668465
        ]
      }
    },
    "buffer": [
      {
        "step": 1,
        "subject": 64,
        "added": 21,
        "length": 1051
      }
    ],
    "order": [
      64
    ],
    "attack_mode": "pgd_ble"
  },
  "summary": {
    "initial_acc": 0.7290697674418605,
    "before_acc": 0.7290697674418605,
    "after_acc": 0.6558139534883721,
    "initial_mf1": 0.7631163096154122,
    "before_mf1": 0.7631163096154122,
    "after_mf1": 0.6804311468668465
  }
}