{
  "config": {
    "seed": 4321,
    "data_root": "/home/undefined/Disk/ai-storage/BrainUICL/processed/isruc_group1_npy_float32",
    "input_checkpoint_root": "/home/undefined/Disk/ai-storage/BrainUICL/model_parameter",
    "new_order": [
      64,
      89
    ],
    "max_subjects": 2,
    "ssl_epoch": 1,
    "incremental_epoch": 1,
    "attack_mode": "stealth_drift"
  },
  "clean_summary": {
    "initial_acc": 0.7650348837209302,
    "before_acc": 0.7490348837209302,
    "after_acc": 0.7340348837209303,
    "initial_mf1": 0.7478810553016182,
    "before_mf1": 0.7358833818368988,
    "after_mf1": 0.7190809621613288
  },
  "attack_summary": {
    "initial_acc": 0.7650348837209302,
    "before_acc": 0.7040348837209303,
    "after_acc": 0.651953488372093,
    "initial_mf1": 0.7478810553016182,
    "before_mf1": 0.6936969317808885,
    "after_mf1": 0.6350416735076909
  },
  "clean_final": {
    "acc": 0.7138922155688623,
    "mf1": 0.7016869249580776,
    "aaa": 0.7109780439121757,
    "aaf1": 0.6971061667031896,
    "fr": 0.01628164691842125
  },
  "attack_final": {
    "acc": 0.6599401197604791,
    "mf1": 0.6310714824408311,
    "aaa": 0.6837924151696607,
    "aaf1": 0.6617633452667263,
    "fr": 0.0605233995396812
  }
}