{
  "performance": {
    "stability": {
      "ACC": [
        0.7024550898203593,
        0.6891616766467066,
        0.6995209580838323,
        0.7158682634730539,
        0.7065269461077844,
        0.7131736526946107,
        0.7053293413173652,
        0.7097604790419162,
        0.7031736526946107,
        0.7141317365269461,
        0.6716167664670659
      ],
      "MF1": [
        0.6880332943309935,
        0.6639480637990515,
        0.6783018482062328,
        0.6829551044359621,
        0.6833492532185261,
        0.6968186638867571,
        0.6679007980478991,
        0.6852588998340038,
        0.68579292855017,
        0.6855449705147296,
        0.6253303884015435
      ],
      "AAA": [
        0.7024550898203593,
        0.6958083832335329,
        0.6970459081836328,
        0.701751497005988,
        0.7027065868263473,
        0.7044510978043913,
        0.7045765611633875,
        0.7052245508982036,
        0.7049966733200266,
        0.7059101796407186,
        0.702792596624932
      ],
      "AAF1": [
        0.6880332943309935,
        0.6759906790650225,
        0.6767610687787592,
        0.6783095776930599,
        0.6793175127981531,
        0.6822343713129205,
        0.680186717989346,
        0.6808207407199283,
        0.6813732060343995,
        0.6817903824824325,
        0.6766576557478063
      ],
      "FR": [
        0.0,
        0.018924217884238398,
        0.004176967010485134,
        0.01909470633364583,
        0.005796607279856753,
        0.015258716221975874,
        0.004091722785781181,
        0.0103997954138607,
        0.0010229306964452164,
        0.016622623817236268,
        0.043900775722444774
      ]
    },
    "plasticity": {
      "64": {
        "ACC": [
          0.7290697674418605,
          0.7290697674418605,
          0.7011627906976744
        ],
        "MF1": [
          0.7631163096154122,
          0.7631163096154122,
          0.7279537961017619
        ]
      },
      "89": {
        "ACC": [
          0.801,
          0.71,
          0.7
        ],
        "MF1": [
          0.7326458009878241,
          0.6417769274383692,
          0.6453932393497582
        ]
      },
      "1": {
        "ACC": [
          0.2,
          0.21976744186046512,
          0.20348837209302326
        ],
        "MF1": [
          0.09178451178451179,
          0.1323139657080751,
          0.14386748621108053
        ]
      },
      "27": {
        "ACC": [
          0.7170454545454545,
          0.7556818181818182,
          0.7670454545454546
        ],
        "MF1": [
          0.6478294628169081,
          0.6879543620703641,
          0.6787177723782485
        ]
      },
      "60": {
        "ACC": [
          0.7068181818181818,
          0.6488636363636363,
          0.6647727272727273
        ],
        "MF1": [
          0.6198544430288646,
          0.5603394403568132,
          0.5825392575472537
        ]
      },
      "5": {
        "ACC": [
          0.3107142857142857,
          0.3261904761904762,
          0.45595238095238094
        ],
        "MF1": [
          0.11302397770724026,
          0.14875811156754182,
          0.248427813048239
        ]
      },
      "52": {
        "ACC": [
          0.7977272727272727,
          0.7704545454545455,
          0.8045454545454546
        ],
        "MF1": [
          0.7618650459366945,
          0.7181769718548267,
          0.7516784596272258
        ]
      },
      "42": {
        "ACC": [
          0.7897435897435897,
          0.7705128205128206,
          0.7782051282051282
        ],
        "MF1": [
          0.5786981067581205,
          0.6298919920828511,
          0.6604674445772015
        ]
      },
      "80": {
        "ACC": [
          0.6744186046511628,
          0.6569767441860465,
          0.713953488372093
        ],
        "MF1": [
          0.6381494707872878,
          0.5580035292532355,
          0.6837281202937022
        ]
      },
      "26": {
        "ACC": [
          0.19326923076923078,
          0.25961538461538464,
          0.40673076923076923
        ],
        "MF1": [
          0.07782986135697392,
          0.19123192635399952,
          0.2105002162318005
        ]
      }
    },
    "buffer": [
      {
        "step": 1,
        "subject": 64,
        "added": 39,
        "length": 1069
      },
      {
        "step": 2,
        "subject": 89,
        "added": 39,
        "length": 1108
      },
      {
        "step": 3,
        "subject": 1,
        "added": 3,
        "length": 1111
      },
      {
        "step": 4,
        "subject": 27,
        "added": 39,
        "length": 1150
      },
      {
        "step": 5,
        "subject": 60,
        "added": 37,
        "length": 1187
      },
      {
        "step": 6,
        "subject": 5,
        "added": 0,
        "length": 1187
      },
      {
        "step": 7,
        "subject": 52,
        "added": 33,
        "length": 1220
      },
      {
        "step": 8,
        "subject": 42,
        "added": 32,
        "length": 1252
      },
      {
        "step": 9,
        "subject": 80,
        "added": 32,
        "length": 1284
      },
      {
        "step": 10,
        "subject": 26,
        "added": 0,
        "length": 1284
      }
    ],
    "attack_diagnostics": [
      {
        "attempted": 301,
        "clean_pass_rate": 0.4584717607973422,
        "adv_pass_rate": 0.53156146179402,
        "accepted_rate": 0.53156146179402,
        "mean_rel_eog": 0.026039460363487404,
        "mean_rel_eeg": 0.02681529978733687,
        "mean_feature_shift": 21.58475151516142,
        "step": 1,
        "subject": 64
      },
      {
        "attempted": 350,
        "clean_pass_rate": 0.5857142857142857,
        "adv_pass_rate": 0.52,
        "accepted_rate": 0.52,
        "mean_rel_eog": 0.033299345922257216,
        "mean_rel_eeg": 0.03290378295683435,
        "mean_feature_shift": 27.634177821023123,
        "step": 2,
        "subject": 89
      },
      {
        "attempted": 301,
        "clean_pass_rate": 0.009966777408637873,
        "adv_pass_rate": 0.0,
        "accepted_rate": 0.0,
        "mean_rel_eog": 0.0,
        "mean_rel_eeg": 0.0,
        "mean_feature_shift": 0.0,
        "step": 3,
        "subject": 1
      },
      {
        "attempted": 308,
        "clean_pass_rate": 0.8246753246753247,
        "adv_pass_rate": 0.36038961038961037,
        "accepted_rate": 0.36038961038961037,
        "mean_rel_eog": 0.021812337361985727,
        "mean_rel_eeg": 0.01954277547165042,
        "mean_feature_shift": 17.637065433320544,
        "step": 4,
        "subject": 27
      },
      {
        "attempted": 308,
        "clean_pass_rate": 0.538961038961039,
        "adv_pass_rate": 0.4675324675324675,
        "accepted_rate": 0.4675324675324675,
        "mean_rel_eog": 0.031083774885960987,
        "mean_rel_eeg": 0.02724297149550347,
        "mean_feature_shift": 21.41261182512556,
        "step": 5,
        "subject": 60
      },
      {
        "attempted": 294,
        "clean_pass_rate": 0.0,
        "adv_pass_rate": 0.0,
        "accepted_rate": 0.0,
        "mean_rel_eog": 0.0,
        "mean_rel_eeg": 0.0,
        "mean_feature_shift": 0.0,
        "step": 6,
        "subject": 5
      },
      {
        "attempted": 308,
        "clean_pass_rate": 0.6688311688311688,
        "adv_pass_rate": 0.4675324675324675,
        "accepted_rate": 0.4675324675324675,
        "mean_rel_eog": 0.02989089329327856,
        "mean_rel_eeg": 0.02532963729685261,
        "mean_feature_shift": 24.51960886092413,
        "step": 7,
        "subject": 52
      },
      {
        "attempted": 273,
        "clean_pass_rate": 0.6556776556776557,
        "adv_pass_rate": 0.42857142857142855,
        "accepted_rate": 0.42857142857142855,
        "mean_rel_eog": 0.02681872643352974,
        "mean_rel_eeg": 0.029367121246953804,
        "mean_feature_shift": 22.551289921715146,
        "step": 8,