{
  "config": {
    "clean_run_dir": "experiments/rttdp_brainuicl_runs/probe10_stealth_proxy_ascent_slow",
    "attack_run_dir": "experiments/rttdp_brainuicl_runs/probe10_stealth_proxy_ascent_slow",
    "attack_variant": "attack_stealth_loss_drift",
    "seed": 4321,
    "device": "cuda:0",
    "final_step": 10
  },
  "clean_summary": {
    "initial_acc": 0.591980638741104,
    "before_acc": 0.5920039650272209,
    "after_acc": 0.6151745638082847,
    "initial_mf1": 0.5024796990779837,
    "before_mf1": 0.5054106596830572,
    "after_mf1": 0.5274961068516304
  },
  "attack_summary": {
    "initial_acc": 0.591980638741104,
    "before_acc": 0.5497323664707385,
    "after_acc": 0.6005678383631872,
    "initial_mf1": 0.5024796990779837,
    "before_mf1": 0.4516942553530344,
    "after_mf1": 0.5155838759678352
  },
  "clean_final": {
    "acc": 0.6501796407185628,
    "mf1": 0.6032201245242936,
    "aaa": 0.7046271094175286,
    "aaf1": 0.6828109327345376,
    "fr": 0.07441820816639684
  },
  "attack_final": {
    "acc": 0.5911377245508982,
    "mf1": 0.5290523140800028,
    "aaa": 0.6793685356559608,
    "aaf1": 0.654364386475924,
    "fr": 0.15846901372432023
  },
  "final_delta_attack_minus_clean": {
    "acc": -0.05904191616766463,
    "mf1": -0.07416781044429088,
    "aaa": -0.025258573761567815,
    "aaf1": -0.028446546258613647,
    "fr": 0.0840508055579234
  },
  "clean_low_point": {
    "min_acc": 0.6501796407185628,
    "min_acc_step": 10,
    "min_mf1": 0.6032201245242936,
    "min_mf1_step": 10
  },
  "attack_low_point": {
    "min_acc": 0.5911377245508982,
    "min_acc_step": 10,
    "min_mf1": 0.5290523140800028,
    "min_mf1_step": 10
  },
  "clean_buffer": {
    "final_length": 1271,
    "total_added": 241,
    "total_biased": 0,
    "mean_added": 24.1
  },
  "attack_buffer": {
    "final_length": 1238,
    "total_added": 208,
    "total_biased": 52,
    "mean_added": 20.8
  },
  "attack_diagnostics": {
    "clean_pass_rate": {
      "mean": 0.4869698763768532,
      "min": 0.0,
      "max": 0.7840909090909091
    },
    "adv_pass_rate": {
      "mean": 0.675537778758709,
      "min": 0.0,
      "max": 0.9734848484848485
    },
    "accepted_rate": {
      "mean": 0.675537778758709,
      "min": 0.0,
      "max": 0.9734848484848485
    },
    "mean_rel_eog": {
      "mean": 0.02112267069185489,
      "min": 0.0,
      "max": 0.03452522090325753
    },
    "mean_rel_eeg": {
      "mean": 0.018788715960949453,
      "min": 0.0,
      "max": 0.03277819407069021
    },
    "mean_feature_shift": {
      "mean": 29.132856346501246,
      "min": 0.0,
      "max": 56.67536841498481
    }
  },
  "final_checkpoint_eval": {
    "old_generalization": {
      "subjects": [
        6,
        14,
        32,
        39,
        43,
        44,
        51,
        56,
        59,
        62,
        67,
        68,
        72,
        73,
        75,
        88,
        90,
        92,
        100
      ],
      "clean": {
        "acc": 0.6501796407185628,
        "mf1": 0.6032201245242936,
        "n_epochs": 16700
      },
      "attack": {
        "acc": 0.5911377245508982,
        "mf1": 0.5290523140800028,
        "n_epochs": 16700
      },
      "delta_attack_minus_clean": {
        "acc": -0.05904191616766463,
        "mf1": -0.07416781044429088
      }
    },
    "new_order_all": {
      "subjects": [
        64,
        89,
        1,
        27,
        60,
        5,
        52,
        42,
        80,
        26
      ],
      "clean": {
        "acc": 0.5254504504504505,
        "mf1": 0.48235042273018375,
        "n_epochs": 8880
      },
      "attack": {
        "acc": 0.4806306306306306,
        "mf1": 0.4162254106177114,
        "n_epochs": 8880
      },
      "delta_attack_minus_clean": {
        "acc": -0.04481981981981986,
        "mf1": -0.06612501211247235
      }
    },
    "source_train": {
      "subjects": [
        7,
        16,
        18,
        23,
        24,
        28,
        30,
        34,
        35,
        37,
        38,
        41,
        45,
        48,
        50,
        53,
        69,
        71,
        74,
        78,
        79,
        82,
        93,
        94
      ],
      "clean": {
        "acc": 0.6644174757281553,
        "mf1": 0.6357424870388682,
        "n_epochs": 20600
      },
      "attack": {
        "acc": 0.6185922330097088,
        "mf1": 0.5669524888978466,
        "n_epochs": 20600
      },
      "delta_attack_minus_clean": {
        "acc": -0.04582524271844657,
        "mf1": -0.0687899981410216
      }
    },
    "validation": {
      "subjects": [
        12,
        21,
        29,
        58,
        76,
        77
      ],
      "clean": {
        "acc": 0.6003802281368821,
        "mf1": 0.5567006750364314,
        "n_epochs": 5260
      },
      "attack": {
        "acc": 0.5865019011406845,
        "mf1": 0.544662825719331,
        "n_epochs": 5260
      },
      "delta_attack_minus_clean": {
        "acc": -0.01387832699619762,
        "mf1": -0.01203784931710039
      }
    }
  }
}