{
  "performance": {
    "stability": {
      "ACC": [
        0.7024550898203593,
        0.717125748502994,
        0.72,
        0.7150299401197605,
        0.6955688622754491,
        0.7237125748502994,
        0.7091017964071856,
        0.7213173652694611,
        0.7066467065868264,
        0.7234131736526946,
        0.6774251497005987
      ],
      "MF1": [
        0.6880332943309935,
        0.6985064482450032,
        0.7046903967229109,
        0.6866204059606502,
        0.6575890092159009,
        0.7088070196897155,
        0.6756629680066062,
        0.7063377892028369,
        0.6904393628787664,
        0.7104104121087393,
        0.6441728617671624
      ],
      "AAA": [
        0.7024550898203593,
        0.7097904191616766,
        0.7131936127744511,
        0.7136526946107785,
        0.7100359281437126,
        0.7123153692614771,
        0.7118562874251497,
        0.7130389221556886,
        0.7123286759813706,
        0.713437125748503,
        0.7101633097441481
      ],
      "AAF1": [
        0.6880332943309935,
        0.6932698712879983,
        0.6970767130996358,
        0.6944626363148894,
        0.6870879108950916,
        0.6907077623608623,
        0.68855850602454,
        0.6907809164218273,
        0.6907429660281539,
        0.6927097106362125,
        0.6882972698299352
      ],
      "FR": [
        0.0,
        0.020884835052425197,
        0.02497655783820638,
        0.017901287187793026,
        0.009803085840934297,
        0.03026169976984052,
        0.009462108942119121,
        0.02685193078168954,
        0.005967095729264342,
        0.02983547864632171,
        0.03563208592617862
      ]
    },
    "plasticity": {
      "64": {
        "ACC": [
          0.7290697674418605,
          0.7290697674418605,
          0.7406976744186047
        ],
        "MF1": [
          0.7631163096154122,
          0.7631163096154122,
          0.7626375544824235
        ]
      },
      "89": {
        "ACC": [
          0.801,
          0.746,
          0.763
        ],
        "MF1": [
          0.7326458009878241,
          0.6797415392120865,
          0.6983765254894346
        ]
      },
      "1": {
        "ACC": [
          0.2,
          0.24767441860465117,
          0.2372093023255814
        ],
        "MF1": [
          0.09178451178451179,
          0.1526173292367514,
          0.14571876105704612
        ]
      },
      "27": {
        "ACC": [
          0.7170454545454545,
          0.7829545454545455,
          0.6806818181818182
        ],
        "MF1": [
          0.6478294628169081,
          0.7055618380306663,
          0.5997603632274577
        ]
      },
      "60": {
        "ACC": [
          0.7068181818181818,
          0.6897727272727273,
          0.7159090909090909
        ],
        "MF1": [
          0.6198544430288646,
          0.604606271818548,
          0.643520982731532
        ]
      },
      "5": {
        "ACC": [
          0.3107142857142857,
          0.37142857142857144,
          0.4654761904761905
        ],
        "MF1": [
          0.11302397770724026,
          0.22418825861446678,
          0.2502402951397467
        ]
      },
      "52": {
        "ACC": [
          0.7977272727272727,
          0.7840909090909091,
          0.8136363636363636
        ],
        "MF1": [
          0.7618650459366945,
          0.74629923404529,
          0.7835757339651422
        ]
      },
      "42": {
        "ACC": [
          0.7897435897435897,
          0.7961538461538461,
          0.808974358974359
        ],
        "MF1": [
          0.5786981067581205,
          0.619809747335405,
          0.6608678467490694
        ]
      },
      "80": {
        "ACC": [
          0.6744186046511628,
          0.6558139534883721,
          0.7186046511627907
        ],
        "MF1": [
          0.6381494707872878,
          0.5855263841967842,
          0.6721675921012122
        ]
      },
      "26": {
        "ACC": [
          0.19326923076923078,
          0.1971153846153846,
          0.41442307692307695
        ],
        "MF1": [
          0.07782986135697392,
          0.08997122273862511,
          0.2633819700902237
        ]
      }
    },
    "buffer": [
      {
        "step": 1,
        "subject": 64,
        "added": 21,
        "length": 1051,
        "biased": 8
      },
      {
        "step": 2,
        "subject": 89,
        "added": 34,
        "length": 1085,
        "biased": 6
      },
      {
        "step": 3,
        "subject": 1,
        "added": 0,
        "length": 1085
      },
      {
        "step": 4,
        "subject": 27,
        "added": 34,
        "length": 1119,
        "biased": 11
      },
      {
        "step": 5,
        "subject": 60,
        "added": 31,
        "length": 1150,
        "biased": 11
      },
      {
        "step": 6,
        "subject": 5,
        "added": 0,
        "length": 1150
      },
      {
        "step": 7,
        "subject": 52,
        "added": 29,
        "length": 1179,
        "biased": 7
      },
      {
        "step": 8,
        "subject": 42,
        "added": 26,
        "length": 1205,
        "biased": 11
      },
      {
        "step": 9,
        "subject": 80,
        "added": 30,
        "length": 1235,
        "biased": 8
      },
      {
        "step": 10,
        "subject": 26,
        "added": 0,
        "length": 1235
      }
    ],
    "attack_diagnostics": [
      {
        "attempted": 258,
        "clean_pass_rate": 0.437984496124031,
        "adv_pass_rate": 0.9418604651162791,
        "accepted_rate": 0.9418604651162791,
        "mean_rel_eog": 0.02479018136445019,
        "mean_rel_eeg": 0.024242503982451227,
        "mean_feature_shift": 47.710570441352,
        "step": 1,
        "subject": 64
      },
      {
        "attempted": 300,
        "clean_pass_rate": 0.62,
        "adv_pass_rate": 0.8333333333333334,
        "accepted_rate": 0.8333333333333334,
        "mean_rel_eog": 0.025103071704506874,
        "mean_rel_eeg": 0.02252167440019548,
        "mean_feature_shift": 41.28212054570516,
        "step": 2,
        "subject": 89
      },
      {
        "attempted": 258,
        "clean_pass_rate": 0.0,
        "adv_pass_rate": 0.0,
        "accepted_rate": 0.0,
        "mean_rel_eog": 0.0,
        "mean_rel_eeg": 0.0,
        "mean_feature_shift": 0.0,
        "step": 3,
        "subject": 1
      },
      {
        "attempted": 264,
        "clean_pass_rate": 0.8484848484848485,
        "adv_pass_rate": 0.7878787878787878,
        "accepted_rate": 0.7878787878787878,
        "mean_rel_eog": 0.02578686395039161,
        "mean_rel_eeg": 0.02197639551013708,
        "mean_feature_shift": 29.633811738755966,
        "step": 4,
        "subject": 27
      },
      {
        "attempted": 264,
        "clean_pass_rate": 0.6401515151515151,
        "adv_pass_rate": 0.8409090909090909,
        "accepted_rate": 0.8409090909090909,
        "mean_rel_eog": 0.026322215278115537,
        "mean_rel_eeg": 0.01999138192170196,
        "mean_feature_shift": 28.103151851230198,
        "step": 5,
        "subject": 60
      },
      {
        "attempted": 252,
        "clean_pass_rate": 0.0,
        "adv_pass_rate": 0.0,
        "accepted_rate": 0.0,
        "mean_rel_eog": 0.0,
        "mean_rel_eeg": 0.0,
        "mean_feature_shift": 0.0,
        "step": 6,
        "subject": 5
      },
      {
        "attempted": 264,
        "clean_pass_rate": 0.6553030303030303,
        "adv_pass_rate": 0.9734848484848485,
        "accepted_rate": 0.9734848484848485,
        "mean_rel_eog": 0.03291778266429901,
        "mean_rel_eeg": 0.026121852195097342,
        "mean_feature_shift": 41.24649789598253,
        "step": 7,
        "subject": 52
      },
      {
        "attempted": 234,
        "clean_pass_rate": 0.6666666666666666,
        "adv_pass_rate": 0.9273504273504274,
        "accepted_rate": 0.9273504273504274,
        "mean_rel_eog": 0.03556618963678678,