{
  "performance": {
    "stability": {
      "ACC": [
        0.7024550898203593,
        0.6840718562874252,
        0.708562874251497,
        0.6955089820359281,
        0.688622754491018,
        0.6726347305389222,
        0.6707185628742515,
        0.681497005988024,
        0.7126347305389221,
        0.7008383233532934,
        0.6699401197604791
      ],
      "MF1": [
        0.6880332943309935,
        0.655149536504773,
        0.6865191718847088,
        0.662236052615791,
        0.6643836979077375,
        0.6533984309392681,
        0.6282186313313736,
        0.6383925688549971,
        0.6814902985782381,
        0.6771349212881569,
        0.626579495452676
      ],
      "AAA": [
        0.7024550898203593,
        0.6932634730538922,
        0.6983632734530939,
        0.6976497005988025,
        0.6958443113772456,
        0.6919760479041916,
        0.6889392643284858,
        0.6880089820359281,
        0.6907451763140385,
        0.691754491017964,
        0.6897713663581927
      ],
      "AAF1": [
        0.6880332943309935,
        0.6715914154178833,
        0.6765673342401585,
        0.6729845138340665,
        0.6712643506488007,
        0.6682866973638787,
        0.6625626879306636,
        0.6595414230462053,
        0.6619801869942089,
        0.6634956604236038,
        0.6601396454262466
      ],
      "FR": [
        0.0,
        0.026169976984059342,
        0.00869491091978513,
        0.009888330065638093,
        0.01969141590657239,
        0.04245162390248059,
        0.04517943909300153,
        0.02983547864632171,
        0.014491518199641883,
        0.002301594067001974,
        0.04628761401415055
      ]
    },
    "plasticity": {
      "64": {
        "ACC": [
          0.7290697674418605,
          0.7290697674418605,
          0.7023255813953488
        ],
        "MF1": [
          0.7631163096154122,
          0.7631163096154122,
          0.7263976939300275
        ]
      },
      "89": {
        "ACC": [
          0.801,
          0.705,
          0.749
        ],
        "MF1": [
          0.7326458009878241,
          0.6340959889990208,
          0.6724613595587059
        ]
      },
      "1": {
        "ACC": [
          0.2,
          0.23953488372093024,
          0.22093023255813954
        ],
        "MF1": [
          0.09178451178451179,
          0.1542860109953122,
          0.13977174440303725
        ]
      },
      "27": {
        "ACC": [
          0.7170454545454545,
          0.7647727272727273,
          0.8329545454545455
        ],
        "MF1": [
          0.6478294628169081,
          0.6833705485635978,
          0.7487946628108111
        ]
      },
      "60": {
        "ACC": [
          0.7068181818181818,
          0.5522727272727272,
          0.5284090909090909
        ],
        "MF1": [
          0.6198544430288646,
          0.47143005730209364,
          0.4667574466827265
        ]
      },
      "5": {
        "ACC": [
          0.3107142857142857,
          0.29642857142857143,
          0.25476190476190474
        ],
        "MF1": [
          0.11302397770724026,
          0.11977597109304425,
          0.13973754432138027
        ]
      },
      "52": {
        "ACC": [
          0.7977272727272727,
          0.7215909090909091,
          0.6875
        ],
        "MF1": [
          0.7618650459366945,
          0.644461611487629,
          0.5997077053904551
        ]
      },
      "42": {
        "ACC": [
          0.7897435897435897,
          0.7987179487179488,
          0.7935897435897435
        ],
        "MF1": [
          0.5786981067581205,
          0.660211626324093,
          0.6685023224308442
        ]
      },
      "80": {
        "ACC": [
          0.6744186046511628,
          0.6825581395348838,
          0.6825581395348838
        ],
        "MF1": [
          0.6381494707872878,
          0.6272567009960162,
          0.6264248846622384
        ]
      },
      "26": {
        "ACC": [
          0.19326923076923078,
          0.19903846153846153,
          0.36153846153846153
        ],
        "MF1": [
          0.07782986135697392,
          0.09389366748308463,
          0.20177878241733574
        ]
      }
    },
    "buffer": [
      {
        "step": 1,
        "subject": 64,
        "added": 4,
        "length": 1034
      },
      {
        "step": 2,
        "subject": 89,
        "added": 8,
        "length": 1042
      },
      {
        "step": 3,
        "subject": 1,
        "added": 4,
        "length": 1046
      },
      {
        "step": 4,
        "subject": 27,
        "added": 2,
        "length": 1048
      },
      {
        "step": 5,
        "subject": 60,
        "added": 6,
        "length": 1054
      },
      {
        "step": 6,
        "subject": 5,
        "added": 0,
        "length": 1054
      },
      {
        "step": 7,
        "subject": 52,
        "added": 4,
        "length": 1058
      },
      {
        "step": 8,
        "subject": 42,
        "added": 1,
        "length": 1059
      },
      {
        "step": 9,
        "subject": 80,
        "added": 4,
        "length": 1063
      },
      {
        "step": 10,
        "subject": 26,
        "added": 0,
        "length": 1063
      }
    ],
    "attack_diagnostics": [],
    "order": [
      64,
      89,
      1,
      27,
      60,
      5,
      52,
      42,
      80,
      26
    ],
    "attack_mode": "pgd_nhe"
  },
  "summary": {
    "initial_acc": 0.591980638741104,
    "before_acc": 0.5688984136019019,
    "after_acc": 0.5813567699742117,
    "initial_mf1": 0.5024796990779837,
    "before_mf1": 0.4851898492859303,
    "after_mf1": 0.49903341466075624
  }
}