{
  "performance": {
    "stability": {
      "ACC": [
        0.7023952095808383,
        0.7143712574850299,
        0.7155688622754491
      ],
      "MF1": [
        0.6879558256933758,
        0.6998043769078398,
        0.7038879532433076
      ],
      "AAA": [
        0.7023952095808383,
        0.7083832335329341,
        0.7107784431137724
      ],
      "AAF1": [
        0.6879558256933758,
        0.6938801013006077,
        0.6972160519481744
      ],
      "FR": [
        0.0,
        0.01705029838022163,
        0.01875532821824384
      ]
    },
    "plasticity": {
      "64": {
        "ACC": [
          0.7290697674418605,
          0.7290697674418605,
          0.7220930232558139
        ],
        "MF1": [
          0.7631163096154122,
          0.7631163096154122,
          0.7523449108951824
        ]
      },
      "89": {
        "ACC": [
          0.801,
          0.759,
          0.737
        ],
        "MF1": [
          0.7326458009878241,
          0.7022883023865563,
          0.6778588218299127
        ]
      }
    },
    "buffer": [
      {
        "step": 1,
        "subject": 64,
        "added": 25,
        "length": 1055
      },
      {
        "step": 2,
        "subject": 89,
        "added": 31,
        "length": 1086
      }
    ],
    "order": [
      64,
      89
    ],
    "attack_mode": "none"
  },
  "summary": {
    "initial_acc": 0.7650348837209302,
    "before_acc": 0.7440348837209303,
    "after_acc": 0.729546511627907,
    "initial_mf1": 0.7478810553016182,
    "before_mf1": 0.7327023060009843,
    "after_mf1": 0.7151018663625476
  }
}