{
  "config": {
    "clean_run_dir": "experiments/rttdp_brainuicl_runs/full49_stealth_loss_drift_advpass_seed4321",
    "attack_run_dir": "experiments/rttdp_brainuicl_runs/full49_dataonly_target_flip_eps02_seed4321",
    "attack_variant": "attack_stealth_target_flip",
    "seed": 4321,
    "device": "cuda:0",
    "final_step": 49
  },
  "clean_summary": {
    "initial_acc": 0.6463871796739017,
    "before_acc": 0.6154093121460674,
    "after_acc": 0.6148169668479414,
    "initial_mf1": 0.5568022391800787,
    "before_mf1": 0.5428354912620188,
    "after_mf1": 0.5566551685966563
  },
  "attack_summary": {
    "initial_acc": 0.6463871796739017,
    "before_acc": 0.6017089852871034,
    "after_acc": 0.6117675049944982,
    "initial_mf1": 0.5568022391800787,
    "before_mf1": 0.5189021407449212,
    "after_mf1": 0.5461616049504098
  },
  "clean_final": {
    "acc": 0.7119760479041917,
    "mf1": 0.6825429051261941,
    "aaa": 0.6969988023952095,
    "aaf1": 0.6726176481051525,
    "fr": 0.013553831727900461
  },
  "attack_final": {
    "acc": 0.6878443113772456,
    "mf1": 0.6656714847578965,
    "aaa": 0.6813149700598801,
    "aaf1": 0.6545447712999635,
    "fr": 0.0207995908277214
  },
  "final_delta_attack_minus_clean": {
    "acc": -0.024131736526946113,
    "mf1": -0.016871420368297585,
    "aaa": -0.01568383233532944,
    "aaf1": -0.018072876805188987,
    "fr": 0.007245759099820941
  },
  "clean_low_point": {
    "min_acc": 0.5374251497005988,
    "min_acc_step": 17,
    "min_mf1": 0.48247243299429965,
    "min_mf1_step": 17
  },
  "attack_low_point": {
    "min_acc": 0.5277844311377246,
    "min_acc_step": 17,
    "min_mf1": 0.4666699453262349,
    "min_mf1_step": 17
  },
  "clean_buffer": {
    "final_length": 2341,
    "total_added": 1311,
    "total_biased": 0,
    "mean_added": 26.755102040816325
  },
  "attack_buffer": {
    "final_length": 2742,
    "total_added": 1712,
    "total_biased": 0,
    "mean_added": 34.93877551020408
  },
  "attack_diagnostics": {
    "clean_pass_rate": {
      "mean": 0.41545837032279637,
      "min": 0.0,
      "max": 0.7529761904761905
    },
    "adv_pass_rate": {
      "mean": 0.4844268257227722,
      "min": 0.0022675736961451248,
      "max": 0.7403628117913832
    },
    "accepted_rate": {
      "mean": 0.4844268257227722,
      "min": 0.0022675736961451248,
      "max": 0.7403628117913832
    },
    "mean_rel_eog": {
      "mean": 0.0759253284770538,
      "min": 0.00043016405303090337,
      "max": 0.21540754584092942
    },
    "mean_rel_eeg": {
      "mean": 0.0659006203969462,
      "min": 0.00031151210830088644,
      "max": 0.24979436196505078
    },
    "mean_feature_shift": {
      "mean": 25.70282329538319,
      "min": 0.07759948760744124,
      "max": 45.905336864410884
    }
  },
  "final_checkpoint_eval": {
    "old_generalization": {
      "subjects": [
        6,
        14,
        32,
        39,
        43,
        44,
        51,
        56,
        59,
        62,
        67,
        68,
        72,
        73,
        75,
        88,
        90,
        92,
        100
      ],
      "clean": {
        "acc": 0.7119760479041917,
        "mf1": 0.6825429051261941,
        "n_epochs": 16700
      },
      "attack": {
        "acc": 0.6878443113772456,
        "mf1": 0.6656714847578965,
        "n_epochs": 16700
      },
      "delta_attack_minus_clean": {
        "acc": -0.024131736526946113,
        "mf1": -0.016871420368297585
      }
    },
    "new_order_all": {
      "subjects": [
        64,
        89,
        1,
        27,
        60,
        5,
        52,
        42,
        80,
        26,
        91,
        22,
        61,
        85,
        17,
        36,
        98,
        33,
        55,
        86,
        54,
        84,
        49,
        3,
        2,
        10,
        87,
        15,
        95,
        57,
        70,
        11,
        47,
        65,
        66,
        96,
        83,
        9,
        46,
        31,
        4,
        19,
        99,
        63,
        81,
        25,
        97,
        20,
        13
      ],
      "clean": {
        "acc": 0.6094972067039106,
        "mf1": 0.5787054884183412,
        "n_epochs": 42960
      },
      "attack": {
        "acc": 0.625,
        "mf1": 0.5912283099641037,
        "n_epochs": 42960
      },
      "delta_attack_minus_clean": {
        "acc": 0.01550279329608939,
        "mf1": 0.012522821545762453
      }
    },
    "source_train": {
      "subjects": [
        7,
        16,
        18,
        23,
        24,
        28,
        30,
        34,
        35,
        37,
        38,
        41,
        45,
        48,
        50,
        53,
        69,
        71,
        74,
        78,
        79,
        82,
        93,
        94
      ],
      "clean": {
        "acc": 0.7112135922330097,
        "mf1": 0.6893529525268467,
        "n_epochs": 20600
      },
      "attack": {
        "acc": 0.745242718446602,
        "mf1": 0.7226182405803238,
        "n_epochs": 20600
      },
      "delta_attack_minus_clean": {
        "acc": 0.03402912621359222,
        "mf1": 0.03326528805347706
      }
    },
    "validation": {
      "subjects": [
        12,
        21,
        29,
        58,
        76,
        77
      ],
      "clean": {
        "acc": 0.6391634980988593,
        "mf1": 0.6131961205910972,
        "n_epochs": 5260
      },
      "attack": {
        "acc": 0.6463878326996197,
        "mf1": 0.6253028226625492,
        "n_epochs": 5260
      },
      "delta_attack_minus_clean": {
        "acc": 0.00722433460076044,
        "mf1": 0.012106702071452036
      }
    }
  }
}