{
  "config": {
    "clean_run_dir": "experiments/rttdp_brainuicl_runs/full49_stealth_loss_drift_advpass_seed4321",
    "attack_run_dir": "experiments/rttdp_brainuicl_runs/full49_stealth_loss_drift_bufferbias50_seed4321",
    "attack_variant": "attack_stealth_loss_drift",
    "seed": 4321,
    "device": "cuda:0",
    "final_step": 49
  },
  "clean_summary": {
    "initial_acc": 0.6463871796739017,
    "before_acc": 0.6154093121460674,
    "after_acc": 0.6148169668479414,
    "initial_mf1": 0.5568022391800787,
    "before_mf1": 0.5428354912620188,
    "after_mf1": 0.5566551685966563
  },
  "attack_summary": {
    "initial_acc": 0.6463871796739017,
    "before_acc": 0.6200620566836346,
    "after_acc": 0.6219523385396598,
    "initial_mf1": 0.5568022391800787,
    "before_mf1": 0.5415716197039199,
    "after_mf1": 0.5565917179023288
  },
  "clean_final": {
    "acc": 0.7119760479041917,
    "mf1": 0.6825429051261941,
    "aaa": 0.6969988023952095,
    "aaf1": 0.6726176481051525,
    "fr": 0.013553831727900461
  },
  "attack_final": {
    "acc": 0.7026347305389221,
    "mf1": 0.6807961995110164,
    "aaa": 0.6888227544910182,
    "aaf1": 0.6649850985484415,
    "fr": 0.00025573267411122506
  },
  "final_delta_attack_minus_clean": {
    "acc": -0.009341317365269552,
    "mf1": -0.0017467056151776461,
    "aaa": -0.008176047904191353,
    "aaf1": -0.007632549556710999,
    "fr": -0.013298099053789236
  },
  "clean_low_point": {
    "min_acc": 0.5374251497005988,
    "min_acc_step": 17,
    "min_mf1": 0.48247243299429965,
    "min_mf1_step": 17
  },
  "attack_low_point": {
    "min_acc": 0.5577245508982036,
    "min_acc_step": 17,
    "min_mf1": 0.5137584485512766,
    "min_mf1_step": 17
  },
  "clean_buffer": {
    "final_length": 2341,
    "total_added": 1311,
    "total_biased": 0,
    "mean_added": 26.755102040816325
  },
  "attack_buffer": {
    "final_length": 2150,
    "total_added": 1120,
    "total_biased": 559,
    "mean_added": 22.857142857142858
  },
  "attack_diagnostics": {
    "clean_pass_rate": {
      "mean": 0.3852514099553034,
      "min": 0.0,
      "max": 0.8068181818181818
    },
    "adv_pass_rate": {
      "mean": 0.6561848843214859,
      "min": 0.0,
      "max": 0.96875
    },
    "accepted_rate": {
      "mean": 0.6561848843214859,
      "min": 0.0,
      "max": 0.96875
    },
    "mean_rel_eog": {
      "mean": 0.024045967667317657,
      "min": 0.0,
      "max": 0.07198437466286123
    },
    "mean_rel_eeg": {
      "mean": 0.020009907179426554,
      "min": 0.0,
      "max": 0.06735546896234154
    },
    "mean_feature_shift": {
      "mean": 27.69936309058448,
      "min": 0.0,
      "max": 58.687272771199545
    }
  },
  "final_checkpoint_eval": {
    "old_generalization": {
      "subjects": [
        6,
        14,
        32,
        39,
        43,
        44,
        51,
        56,
        59,
        62,
        67,
        68,
        72,
        73,
        75,
        88,
        90,
        92,
        100
      ],
      "clean": {
        "acc": 0.7119760479041917,
        "mf1": 0.6825429051261941,
        "n_epochs": 16700
      },
      "attack": {
        "acc": 0.7026347305389221,
        "mf1": 0.6807961995110164,
        "n_epochs": 16700
      },
      "delta_attack_minus_clean": {
        "acc": -0.009341317365269552,
        "mf1": -0.0017467056151776461
      }
    },
    "new_order_all": {
      "subjects": [
        64,
        89,
        1,
        27,
        60,
        5,
        52,
        42,
        80,
        26,
        91,
        22,
        61,
        85,
        17,
        36,
        98,
        33,
        55,
        86,
        54,
        84,
        49,
        3,
        2,
        10,
        87,
        15,
        95,
        57,
        70,
        11,
        47,
        65,
        66,
        96,
        83,
        9,
        46,
        31,
        4,
        19,
        99,
        63,
        81,
        25,
        97,
        20,
        13
      ],
      "clean": {
        "acc": 0.6094972067039106,
        "mf1": 0.5787054884183412,
        "n_epochs": 42960
      },
      "attack": {
        "acc": 0.6428072625698324,
        "mf1": 0.6088742268550048,
        "n_epochs": 42960
      },
      "delta_attack_minus_clean": {
        "acc": 0.03331005586592184,
        "mf1": 0.030168738436663567
      }
    },
    "source_train": {
      "subjects": [
        7,
        16,
        18,
        23,
        24,
        28,
        30,
        34,
        35,
        37,
        38,
        41,
        45,
        48,
        50,
        53,
        69,
        71,
        74,
        78,
        79,
        82,
        93,
        94
      ],
      "clean": {
        "acc": 0.7112135922330097,
        "mf1": 0.6893529525268467,
        "n_epochs": 20600
      },
      "attack": {
        "acc": 0.7617961165048543,
        "mf1": 0.7435086927409339,
        "n_epochs": 20600
      },
      "delta_attack_minus_clean": {
        "acc": 0.05058252427184462,
        "mf1": 0.0541557402140872
      }
    },
    "validation": {
      "subjects": [
        12,
        21,
        29,
        58,
        76,
        77
      ],
      "clean": {
        "acc": 0.6391634980988593,
        "mf1": 0.6131961205910972,
        "n_epochs": 5260
      },
      "attack": {
        "acc": 0.6319391634980989,
        "mf1": 0.6081949544304737,
        "n_epochs": 5260
      },
      "delta_attack_minus_clean": {
        "acc": -0.00722433460076044,
        "mf1": -0.005001166160623516
      }
    }
  }
}