{
  "performance": {
    "stability": {
      "ACC": [
        0.7024550898203593,
        0.5488023952095809,
        0.39994011976047905,
        0.6152694610778443,
        0.5797604790419162,
        0.5420958083832336,
        0.6552095808383234,
        0.5394011976047904,
        0.5198203592814371,
        0.5716766467065868,
        0.6062275449101796
      ],
      "MF1": [
        0.6880332943309935,
        0.4887163428825058,
        0.3280812247958545,
        0.5706140867369737,
        0.5160080489500396,
        0.4568800722319514,
        0.6192764220349276,
        0.4694993987205655,
        0.4252360149542209,
        0.5116739937211697,
        0.5625856078457515
      ],
      "AAA": [
        0.7024550898203593,
        0.62562874251497,
        0.5503992015968063,
        0.5666167664670658,
        0.5692455089820359,
        0.5647205588822355,
        0.5776475620188195,
        0.5728667664670659,
        0.5669727212242183,
        0.5674431137724552,
        0.5709689711486119
      ],
      "AAF1": [
        0.6880332943309935,
        0.5883748186067497,
        0.5016102873364513,
        0.5188612371865818,
        0.5182905995392734,
        0.5080555116547197,
        0.5239442131376065,
        0.5171386113354766,
        0.5069272117375593,
        0.5074018899359203,
        0.5124185915640868
      ],
      "FR": [
        0.0,
        0.21873668058989004,
        0.430653823203478,
        0.12411559116869837,
        0.17466541641803768,
        0.22828403375671297,
        0.06725769329127954,
        0.23212002386838293,
        0.2599948853465178,
        0.18617338675304757,
        0.13698746909896864
      ]
    },
    "plasticity": {
      "64": {
        "ACC": [
          0.7290697674418605,
          0.7290697674418605,
          0.5
        ],
        "MF1": [
          0.7631163096154122,
          0.7631163096154122,
          0.4803171613229263
        ]
      },
      "89": {
        "ACC": [
          0.801,
          0.361,
          0.236
        ],
        "MF1": [
          0.7326458009878241,
          0.3065294521621971,
          0.17117066304938006
        ]
      },
      "1": {
        "ACC": [
          0.2,
          0.2,
          0.2313953488372093
        ],
        "MF1": [
          0.09178451178451179,
          0.08854757744682032,
          0.17403977213838312
        ]
      },
      "27": {
        "ACC": [
          0.7170454545454545,
          0.6681818181818182,
          0.6556818181818181
        ],
        "MF1": [
          0.6478294628169081,
          0.6042116833491998,
          0.5878700575659359
        ]
      },
      "60": {
        "ACC": [
          0.7068181818181818,
          0.5204545454545455,
          0.5193181818181818
        ],
        "MF1": [
          0.6198544430288646,
          0.4420178933191085,
          0.4195021529198543
        ]
      },
      "5": {
        "ACC": [
          0.3107142857142857,
          0.23809523809523808,
          0.1880952380952381
        ],
        "MF1": [
          0.11302397770724026,
          0.11470717961283998,
          0.0808239024775822
        ]
      },
      "52": {
        "ACC": [
          0.7977272727272727,
          0.7181818181818181,
          0.6034090909090909
        ],
        "MF1": [
          0.7618650459366945,
          0.657137705598797,
          0.4364104575163399
        ]
      },
      "42": {
        "ACC": [
          0.7897435897435897,
          0.367948717948718,
          0.3282051282051282
        ],
        "MF1": [
          0.5786981067581205,
          0.27262120108232424,
          0.25622508348496636
        ]
      },
      "80": {
        "ACC": [
          0.6744186046511628,
          0.5604651162790698,
          0.5918604651162791
        ],
        "MF1": [
          0.6381494707872878,
          0.40495823590634217,
          0.44056874136482965
        ]
      },
      "26": {
        "ACC": [
          0.19326923076923078,
          0.19134615384615383,
          0.2980769230769231
        ],
        "MF1": [
          0.07782986135697392,
          0.0939761620246959,
          0.11299427976919767
        ]
      }
    },
    "buffer": [
      {
        "step": 1,
        "subject": 64,
        "added": 28,
        "length": 1058
      },
      {
        "step": 2,
        "subject": 89,
        "added": 28,
        "length": 1086
      },
      {
        "step": 3,
        "subject": 1,
        "added": 5,
        "length": 1091
      },
      {
        "step": 4,
        "subject": 27,
        "added": 27,
        "length": 1118
      },
      {
        "step": 5,
        "subject": 60,
        "added": 31,
        "length": 1149
      },
      {
        "step": 6,
        "subject": 5,
        "added": 8,
        "length": 1157
      },
      {
        "step": 7,
        "subject": 52,
        "added": 19,
        "length": 1176
      },
      {
        "step": 8,
        "subject": 42,
        "added": 20,
        "length": 1196
      },
      {
        "step": 9,
        "subject": 80,
        "added": 27,
        "length": 1223
      },
      {
        "step": 10,
        "subject": 26,
        "added": 1,
        "length": 1224
      }
    ],
    "attack_diagnostics": [
      {
        "attempted": 43,
        "clean_pass_rate": 0.4883720930232558,
        "adv_pass_rate": 0.9302325581395349,
        "accepted_rate": 0.9302325581395349,
        "mean_rel_eog": 0.37134183446566266,
        "mean_rel_eeg": 0.385707547267278,
        "mean_feature_shift": 74.53710428873698,
        "mean_proxy_conflict": -0.04784391323725382,
        "mean_proxy_update_norm": 0.11969638864199321,
        "mean_proxy_old_norm": 6.469562530517578,
        "mean_proxy_confidence": 0.9429874618848165,
        "step": 1,
        "subject": 64
      },
      {
        "attempted": 50,
        "clean_pass_rate": 0.6,
        "adv_pass_rate": 0.52,
        "accepted_rate": 0.52,
        "mean_rel_eog": 0.42819660156965256,
        "mean_rel_eeg": 0.43591395020484924,
        "mean_feature_shift": 70.76883888244629,
        "mean_proxy_conflict": -0.13105760887265205,
        "mean_proxy_update_norm": 0.23039839044213295,
        "mean_proxy_old_norm": 6.601611852645874,
        "mean_proxy_confidence": 0.8989934176206589,
        "step": 2,
        "subject": 89
      },
      {
        "attempted": 43,
        "clean_pass_rate": 0.09302325581395349,
        "adv_pass_rate": 0.11627906976744186,
        "accepted_rate": 0.11627906976744186,
        "mean_rel_eog": 0.3841792047023773,
        "mean_rel_eeg": 0.43007007241249084,
        "mean_feature_shift": 33.57584126790365,
        "mean_proxy_conflict": -0.14696466426054636,
        "mean_proxy_update_norm": 1.2430989543596904,
        "mean_proxy_old_norm": 8.637074788411459,
        "mean_proxy_confidence": 0.8046248952547709,
        "step": 3,
        "subject": 1
      },
      {
        "attempted": 44,
        "clean_pass_rate": 0.6136363636363636,
        "adv_pass_rate": 0.6136363636363636,
        "accepted_rate": 0.6136363636363636,
        "mean_rel_eog": 0.41164658466974896,
        "mean_rel_eeg": 0.3995930055777232,
        "mean_feature_shift": 71.83421834309895,
        "mean_proxy_conflict": 0.02767438068985939,
        "mean_proxy_update_norm": 0.1642219399412473,
        "mean_proxy_old_norm": 6.717467625935872,
        "mean_proxy_confidence": 0.9126700560251871,
        "step": 4,
        "subject": 27
      },
      {
        "attempted": 44,
        "clean_pass_rate": 0.45454545454545453,
        "adv_pass_rate": 0.8181818181818182,
        "accepted_rate": 0.8181818181818182,
        "mean_rel_eog": 0.4732852379480998,
        "mean_rel_eeg": 0.41648387908935547,
        "mean_feature_shift": 67.84394963582356,
        "mean_proxy_conflict": -0.03318636119365692,
        "mean_proxy_update_norm": 0.1371764118472735,
        "mean_proxy_old_norm": 7.174614429473877,