{
  "performance": {
    "stability": {
      "ACC": [
        0.7023952095808383,
        0.3975449101796407,
        0.31982035928143715
      ],
      "MF1": [
        0.6879558256933758,
        0.32603284017137046,
        0.27890604301704147
      ],
      "AAA": [
        0.7023952095808383,
        0.5499700598802395,
        0.473253493013972
      ],
      "AAF1": [
        0.6879558256933758,
        0.5069943329323732,
        0.430964902960596
      ],
      "FR": [
        0.0,
        0.4340153452685422,
        0.5446717817561807
      ]
    },
    "plasticity": {
      "64": {
        "ACC": [
          0.7290697674418605,
          0.7290697674418605,
          0.21395348837209302
        ],
        "MF1": [
          0.7631163096154122,
          0.7631163096154122,
          0.14738521024622464
        ]
      },
      "89": {
        "ACC": [
          0.801,
          0.248,
          0.299
        ],
        "MF1": [
          0.7326458009878241,
          0.1680657646283981,
          0.2196560874541374
        ]
      }
    },
    "buffer": [
      {
        "step": 1,
        "subject": 64,
        "added": 0,
        "length": 1030
      },
      {
        "step": 2,
        "subject": 89,
        "added": 0,
        "length": 1030
      }
    ],
    "order": [
      64,
      89
    ],
    "attack_mode": "model_nhe"
  },
  "summary": {
    "initial_acc": 0.7650348837209302,
    "before_acc": 0.48853488372093024,
    "after_acc": 0.2564767441860465,
    "initial_mf1": 0.7478810553016182,
    "before_mf1": 0.46559103712190514,
    "after_mf1": 0.18352064885018102
  }
}