{
  "config": {
    "clean_run_dir": "experiments/rttdp_brainuicl_runs/full49_stealth_loss_drift_advpass_seed4321",
    "attack_run_dir": "experiments/rttdp_brainuicl_runs/full49_stealth_loss_drift_bufferbias_seed4321",
    "attack_variant": "attack_stealth_loss_drift",
    "seed": 4321,
    "device": "cuda:0",
    "final_step": 49
  },
  "clean_summary": {
    "initial_acc": 0.6463871796739017,
    "before_acc": 0.6154093121460674,
    "after_acc": 0.6148169668479414,
    "initial_mf1": 0.5568022391800787,
    "before_mf1": 0.5428354912620188,
    "after_mf1": 0.5566551685966563
  },
  "attack_summary": {
    "initial_acc": 0.6463871796739017,
    "before_acc": 0.6182771303160356,
    "after_acc": 0.6248977823097265,
    "initial_mf1": 0.5568022391800787,
    "before_mf1": 0.5386142739073976,
    "after_mf1": 0.5643205171841825
  },
  "clean_final": {
    "acc": 0.7119760479041917,
    "mf1": 0.6825429051261941,
    "aaa": 0.6969988023952095,
    "aaf1": 0.6726176481051525,
    "fr": 0.013553831727900461
  },
  "attack_final": {
    "acc": 0.6981437125748503,
    "mf1": 0.6765018427219909,
    "aaa": 0.6919604790419162,
    "aaf1": 0.6670854273912632,
    "fr": 0.00613758417867193
  },
  "final_delta_attack_minus_clean": {
    "acc": -0.013832335329341361,
    "mf1": -0.006041062404203212,
    "aaa": -0.00503832335329335,
    "aaf1": -0.005532220713889258,
    "fr": -0.007416247549228531
  },
  "clean_low_point": {
    "min_acc": 0.5374251497005988,
    "min_acc_step": 17,
    "min_mf1": 0.48247243299429965,
    "min_mf1_step": 17
  },
  "attack_low_point": {
    "min_acc": 0.5587425149700599,
    "min_acc_step": 17,
    "min_mf1": 0.513957403981401,
    "min_mf1_step": 17
  },
  "clean_buffer": {
    "final_length": 2341,
    "total_added": 1311,
    "total_biased": 0,
    "mean_added": 26.755102040816325
  },
  "attack_buffer": {
    "final_length": 2121,
    "total_added": 1091,
    "total_biased": 323,
    "mean_added": 22.26530612244898
  },
  "attack_diagnostics": {
    "clean_pass_rate": {
      "mean": 0.3922199717595963,
      "min": 0.0,
      "max": 0.8238636363636364
    },
    "adv_pass_rate": {
      "mean": 0.6526416617874932,
      "min": 0.0,
      "max": 0.95
    },
    "accepted_rate": {
      "mean": 0.6526416617874932,
      "min": 0.0,
      "max": 0.95
    },
    "mean_rel_eog": {
      "mean": 0.02402329981645021,
      "min": 0.0,
      "max": 0.06663066040103634
    },
    "mean_rel_eeg": {
      "mean": 0.019710374922178,
      "min": 0.0,
      "max": 0.07083186677967508
    },
    "mean_feature_shift": {
      "mean": 26.851999708746565,
      "min": 0.0,
      "max": 47.00528383255005
    }
  },
  "final_checkpoint_eval": {
    "old_generalization": {
      "subjects": [
        6,
        14,
        32,
        39,
        43,
        44,
        51,
        56,
        59,
        62,
        67,
        68,
        72,
        73,
        75,
        88,
        90,
        92,
        100
      ],
      "clean": {
        "acc": 0.7119760479041917,
        "mf1": 0.6825429051261941,
        "n_epochs": 16700
      },
      "attack": {
        "acc": 0.6981437125748503,
        "mf1": 0.6765018427219909,
        "n_epochs": 16700
      },
      "delta_attack_minus_clean": {
        "acc": -0.013832335329341361,
        "mf1": -0.006041062404203212
      }
    },
    "new_order_all": {
      "subjects": [
        64,
        89,
        1,
        27,
        60,
        5,
        52,
        42,
        80,
        26,
        91,
        22,
        61,
        85,
        17,
        36,
        98,
        33,
        55,
        86,
        54,
        84,
        49,
        3,
        2,
        10,
        87,
        15,
        95,
        57,
        70,
        11,
        47,
        65,
        66,
        96,
        83,
        9,
        46,
        31,
        4,
        19,
        99,
        63,
        81,
        25,
        97,
        20,
        13
      ],
      "clean": {
        "acc": 0.6094972067039106,
        "mf1": 0.5787054884183412,
        "n_epochs": 42960
      },
      "attack": {
        "acc": 0.6346601489757915,
        "mf1": 0.6054801403846806,
        "n_epochs": 42960
      },
      "delta_attack_minus_clean": {
        "acc": 0.025162942271880873,
        "mf1": 0.026774651966339325
      }
    },
    "source_train": {
      "subjects": [
        7,
        16,
        18,
        23,
        24,
        28,
        30,
        34,
        35,
        37,
        38,
        41,
        45,
        48,
        50,
        53,
        69,
        71,
        74,
        78,
        79,
        82,
        93,
        94
      ],
      "clean": {
        "acc": 0.7112135922330097,
        "mf1": 0.6893529525268467,
        "n_epochs": 20600
      },
      "attack": {
        "acc": 0.7383009708737864,
        "mf1": 0.7198545033509006,
        "n_epochs": 20600
      },
      "delta_attack_minus_clean": {
        "acc": 0.027087378640776705,
        "mf1": 0.030501550824053925
      }
    },
    "validation": {
      "subjects": [
        12,
        21,
        29,
        58,
        76,
        77
      ],
      "clean": {
        "acc": 0.6391634980988593,
        "mf1": 0.6131961205910972,
        "n_epochs": 5260
      },
      "attack": {
        "acc": 0.6095057034220532,
        "mf1": 0.5964378301306341,
        "n_epochs": 5260
      },
      "delta_attack_minus_clean": {
        "acc": -0.02965779467680607,
        "mf1": -0.016758290460463066
      }
    }
  }
}