{
  "config": {
    "clean_run_dir": "experiments/rttdp_brainuicl_runs/probe10_dataonly_target_flip_eps008",
    "attack_run_dir": "experiments/rttdp_brainuicl_runs/probe10_dataonly_target_flip_eps008",
    "attack_variant": "attack_stealth_target_flip",
    "seed": 4321,
    "device": "cuda:0",
    "final_step": 10
  },
  "clean_summary": {
    "initial_acc": 0.591980638741104,
    "before_acc": 0.5920039650272209,
    "after_acc": 0.6151745638082847,
    "initial_mf1": 0.5024796990779837,
    "before_mf1": 0.5054106596830572,
    "after_mf1": 0.5274961068516304
  },
  "attack_summary": {
    "initial_acc": 0.591980638741104,
    "before_acc": 0.5847132634807053,
    "after_acc": 0.6195856565914706,
    "initial_mf1": 0.5024796990779837,
    "before_mf1": 0.5031563536301488,
    "after_mf1": 0.5333273605366272
  },
  "clean_final": {
    "acc": 0.6501796407185628,
    "mf1": 0.6032201245242936,
    "aaa": 0.7046271094175286,
    "aaf1": 0.6828109327345376,
    "fr": 0.07441820816639684
  },
  "attack_final": {
    "acc": 0.6716167664670659,
    "mf1": 0.6253303884015435,
    "aaa": 0.702792596624932,
    "aaf1": 0.6766576557478063,
    "fr": 0.043900775722444774
  },
  "final_delta_attack_minus_clean": {
    "acc": 0.021437125748503094,
    "mf1": 0.022110263877249903,
    "aaa": -0.0018345127925966098,
    "aaf1": -0.006153276986731293,
    "fr": -0.030517432443952067
  },
  "clean_low_point": {
    "min_acc": 0.6501796407185628,
    "min_acc_step": 10,
    "min_mf1": 0.6032201245242936,
    "min_mf1_step": 10
  },
  "attack_low_point": {
    "min_acc": 0.6716167664670659,
    "min_acc_step": 10,
    "min_mf1": 0.6253303884015435,
    "min_mf1_step": 10
  },
  "clean_buffer": {
    "final_length": 1271,
    "total_added": 241,
    "total_biased": 0,
    "mean_added": 24.1
  },
  "attack_buffer": {
    "final_length": 1284,
    "total_added": 254,
    "total_biased": 0,
    "mean_added": 25.4
  },
  "attack_diagnostics": {
    "clean_pass_rate": {
      "mean": 0.43868162844907027,
      "min": 0.0,
      "max": 0.8246753246753247
    },
    "adv_pass_rate": {
      "mean": 0.32672817879794624,
      "min": 0.0,
      "max": 0.53156146179402
    },
    "accepted_rate": {
      "mean": 0.32672817879794624,
      "min": 0.0,
      "max": 0.53156146179402
    },
    "mean_rel_eog": {
      "mean": 0.01957045311463021,
      "min": 0.0,
      "max": 0.033299345922257216
    },
    "mean_rel_eeg": {
      "mean": 0.01870025667317566,
      "min": 0.0,
      "max": 0.03290378295683435
    },
    "mean_feature_shift": {
      "mean": 16.03518014181228,
      "min": 0.0,
      "max": 27.634177821023123
    }
  },
  "final_checkpoint_eval": {
    "old_generalization": {
      "subjects": [
        6,
        14,
        32,
        39,
        43,
        44,
        51,
        56,
        59,
        62,
        67,
        68,
        72,
        73,
        75,
        88,
        90,
        92,
        100
      ],
      "clean": {
        "acc": 0.6501796407185628,
        "mf1": 0.6032201245242936,
        "n_epochs": 16700
      },
      "attack": {
        "acc": 0.6716167664670659,
        "mf1": 0.6253303884015435,
        "n_epochs": 16700
      },
      "delta_attack_minus_clean": {
        "acc": 0.021437125748503094,
        "mf1": 0.022110263877249903
      }
    },
    "new_order_all": {
      "subjects": [
        64,
        89,
        1,
        27,
        60,
        5,
        52,
        42,
        80,
        26
      ],
      "clean": {
        "acc": 0.5254504504504505,
        "mf1": 0.48235042273018375,
        "n_epochs": 8880
      },
      "attack": {
        "acc": 0.5719594594594595,
        "mf1": 0.517197092996351,
        "n_epochs": 8880
      },
      "delta_attack_minus_clean": {
        "acc": 0.046509009009009006,
        "mf1": 0.03484667026616722
      }
    },
    "source_train": {
      "subjects": [
        7,
        16,
        18,
        23,
        24,
        28,
        30,
        34,
        35,
        37,
        38,
        41,
        45,
        48,
        50,
        53,
        69,
        71,
        74,
        78,
        79,
        82,
        93,
        94
      ],
      "clean": {
        "acc": 0.6644174757281553,
        "mf1": 0.6357424870388682,
        "n_epochs": 20600
      },
      "attack": {
        "acc": 0.6957766990291262,
        "mf1": 0.6706697271565236,
        "n_epochs": 20600
      },
      "delta_attack_minus_clean": {
        "acc": 0.03135922330097085,
        "mf1": 0.03492724011765547
      }
    },
    "validation": {
      "subjects": [
        12,
        21,
        29,
        58,
        76,
        77
      ],
      "clean": {
        "acc": 0.6003802281368821,
        "mf1": 0.5567006750364314,
        "n_epochs": 5260
      },
      "attack": {
        "acc": 0.6241444866920152,
        "mf1": 0.5870998314934803,
        "n_epochs": 5260
      },
      "delta_attack_minus_clean": {
        "acc": 0.02376425855513309,
        "mf1": 0.030399156457048937
      }
    }
  }
}