{
  "config": {
    "clean_run_dir": "experiments/rttdp_brainuicl_runs/probe10_stealth_proxy_ascent_mild",
    "attack_run_dir": "experiments/rttdp_brainuicl_runs/probe10_stealth_proxy_ascent_mild",
    "attack_variant": "attack_stealth_loss_drift",
    "seed": 4321,
    "device": "cuda:0",
    "final_step": 10
  },
  "clean_summary": {
    "initial_acc": 0.591980638741104,
    "before_acc": 0.5920039650272209,
    "after_acc": 0.6151745638082847,
    "initial_mf1": 0.5024796990779837,
    "before_mf1": 0.5054106596830572,
    "after_mf1": 0.5274961068516304
  },
  "attack_summary": {
    "initial_acc": 0.591980638741104,
    "before_acc": 0.5168956404061056,
    "after_acc": 0.5086518431181222,
    "initial_mf1": 0.5024796990779837,
    "before_mf1": 0.4111994611528763,
    "after_mf1": 0.4284153466359156
  },
  "clean_final": {
    "acc": 0.6501796407185628,
    "mf1": 0.6032201245242936,
    "aaa": 0.7046271094175286,
    "aaf1": 0.6828109327345376,
    "fr": 0.07441820816639684
  },
  "attack_final": {
    "acc": 0.3725748502994012,
    "mf1": 0.21204664070717577,
    "aaa": 0.609373979314099,
    "aaf1": 0.5661619131951942,
    "fr": 0.4696104338931038
  },
  "final_delta_attack_minus_clean": {
    "acc": -0.27760479041916164,
    "mf1": -0.39117348381711786,
    "aaa": -0.09525313010342962,
    "aaf1": -0.11664901953934348,
    "fr": 0.395192225726707
  },
  "clean_low_point": {
    "min_acc": 0.6501796407185628,
    "min_acc_step": 10,
    "min_mf1": 0.6032201245242936,
    "min_mf1_step": 10
  },
  "attack_low_point": {
    "min_acc": 0.3725748502994012,
    "min_acc_step": 10,
    "min_mf1": 0.21204664070717577,
    "min_mf1_step": 10
  },
  "clean_buffer": {
    "final_length": 1271,
    "total_added": 241,
    "total_biased": 0,
    "mean_added": 24.1
  },
  "attack_buffer": {
    "final_length": 1294,
    "total_added": 264,
    "total_biased": 67,
    "mean_added": 26.4
  },
  "attack_diagnostics": {
    "clean_pass_rate": {
      "mean": 0.675258600572554,
      "min": 0.11627906976744186,
      "max": 1.0
    },
    "adv_pass_rate": {
      "mean": 0.8839642334409776,
      "min": 0.39147286821705424,
      "max": 1.0
    },
    "accepted_rate": {
      "mean": 0.8839642334409776,
      "min": 0.39147286821705424,
      "max": 1.0
    },
    "mean_rel_eog": {
      "mean": 0.028692960250191392,
      "min": 0.011205363371926878,
      "max": 0.037145058158785105
    },
    "mean_rel_eeg": {
      "mean": 0.026165455062356256,
      "min": 0.021490706648263667,
      "max": 0.03228650948343178
    },
    "mean_feature_shift": {
      "mean": 30.453448996610113,
      "min": 2.7985218862692514,
      "max": 59.66786405775282
    }
  },
  "final_checkpoint_eval": {
    "old_generalization": {
      "subjects": [
        6,
        14,
        32,
        39,
        43,
        44,
        51,
        56,
        59,
        62,
        67,
        68,
        72,
        73,
        75,
        88,
        90,
        92,
        100
      ],
      "clean": {
        "acc": 0.6501796407185628,
        "mf1": 0.6032201245242936,
        "n_epochs": 16700
      },
      "attack": {
        "acc": 0.3725748502994012,
        "mf1": 0.21204664070717577,
        "n_epochs": 16700
      },
      "delta_attack_minus_clean": {
        "acc": -0.27760479041916164,
        "mf1": -0.39117348381711786
      }
    },
    "new_order_all": {
      "subjects": [
        64,
        89,
        1,
        27,
        60,
        5,
        52,
        42,
        80,
        26
      ],
      "clean": {
        "acc": 0.5254504504504505,
        "mf1": 0.48235042273018375,
        "n_epochs": 8880
      },
      "attack": {
        "acc": 0.298536036036036,
        "mf1": 0.15221840576893358,
        "n_epochs": 8880
      },
      "delta_attack_minus_clean": {
        "acc": -0.22691441441441446,
        "mf1": -0.33013201696125016
      }
    },
    "source_train": {
      "subjects": [
        7,
        16,
        18,
        23,
        24,
        28,
        30,
        34,
        35,
        37,
        38,
        41,
        45,
        48,
        50,
        53,
        69,
        71,
        74,
        78,
        79,
        82,
        93,
        94
      ],
      "clean": {
        "acc": 0.6644174757281553,
        "mf1": 0.6357424870388682,
        "n_epochs": 20600
      },
      "attack": {
        "acc": 0.40140776699029124,
        "mf1": 0.23853165441356886,
        "n_epochs": 20600
      },
      "delta_attack_minus_clean": {
        "acc": -0.2630097087378641,
        "mf1": -0.3972108326252993
      }
    },
    "validation": {
      "subjects": [
        12,
        21,
        29,
        58,
        76,
        77
      ],
      "clean": {
        "acc": 0.6003802281368821,
        "mf1": 0.5567006750364314,
        "n_epochs": 5260
      },
      "attack": {
        "acc": 0.4155893536121673,
        "mf1": 0.28183640204885174,
        "n_epochs": 5260
      },
      "delta_attack_minus_clean": {
        "acc": -0.18479087452471477,
        "mf1": -0.27486427298757965
      }
    }
  }
}