{
  "performance": {
    "stability": {
      "ACC": [
        0.7024550898203593,
        0.7141317365269461,
        0.7215568862275449,
        0.6617964071856287,
        0.698562874251497,
        0.7179640718562874,
        0.6247904191616767,
        0.6717964071856287,
        0.6743113772455089,
        0.6945508982035928,
        0.5911377245508982
      ],
      "MF1": [
        0.6880332943309935,
        0.697939889497053,
        0.7074321237215603,
        0.6313706096647257,
        0.6934550151473564,
        0.704605530952259,
        0.5730926226820191,
        0.6499533400978559,
        0.6422708428938273,
        0.6808026681675103,
        0.5290523140800028
      ],
      "AAA": [
        0.7024550898203593,
        0.7082934131736527,
        0.7127145708582834,
        0.6999850299401197,
        0.6997005988023951,
        0.7027445109780439,
        0.6916082121471343,
        0.689131736526946,
        0.6874850299401197,
        0.688191616766467,
        0.6793685356559608
      ],
      "AAF1": [
        0.6880332943309935,
        0.6929865919140232,
        0.6978017691832022,
        0.6811939793035832,
        0.6836461864723378,
        0.6871394105523247,
        0.6708470122851382,
        0.6682353032617279,
        0.6653503632208501,
        0.6668955937155161,
        0.654364386475924
      ],
      "FR": [
        0.0,
        0.016622623817236268,
        0.027192907680504558,
        0.05788082857386421,
        0.005540874605745528,
        0.022078254198278,
        0.11056175944079791,
        0.043645043048333554,
        0.04006478561077498,
        0.011252237660898487,
        0.15846901372432023
      ]
    },
    "plasticity": {
      "64": {
        "ACC": [
          0.7290697674418605,
          0.7290697674418605,
          0.7302325581395349
        ],
        "MF1": [
          0.7631163096154122,
          0.7631163096154122,
          0.7568723861835192
        ]
      },
      "89": {
        "ACC": [
          0.801,
          0.755,
          0.786
        ],
        "MF1": [
          0.7326458009878241,
          0.6901119971255808,
          0.7128470237468943
        ]
      },
      "1": {
        "ACC": [
          0.2,
          0.21511627906976744,
          0.2069767441860465
        ],
        "MF1": [
          0.09178451178451179,
          0.10572117136807313,
          0.10973437139588312
        ]
      },
      "27": {
        "ACC": [
          0.7170454545454545,
          0.678409090909091,
          0.8113636363636364
        ],
        "MF1": [
          0.6478294628169081,
          0.6084610785083482,
          0.7413052860419291
        ]
      },
      "60": {
        "ACC": [
          0.7068181818181818,
          0.634090909090909,
          0.6318181818181818
        ],
        "MF1": [
          0.6198544430288646,
          0.571969508969567,
          0.5694038238632532
        ]
      },
      "5": {
        "ACC": [
          0.3107142857142857,
          0.3202380952380952,
          0.45357142857142857
        ],
        "MF1": [
          0.11302397770724026,
          0.1063172801990115,
          0.23648293963254594
        ]
      },
      "52": {
        "ACC": [
          0.7977272727272727,
          0.6375,
          0.7340909090909091
        ],
        "MF1": [
          0.7618650459366945,
          0.5217938781978712,
          0.6699918970509573
        ]
      },
      "42": {
        "ACC": [
          0.7897435897435897,
          0.7102564102564103,
          0.7756410256410257
        ],
        "MF1": [
          0.5786981067581205,
          0.5639755141749929,
          0.6425585642029217
        ]
      },
      "80": {
        "ACC": [
          0.6744186046511628,
          0.6186046511627907,
          0.6779069767441861
        ],
        "MF1": [
          0.6381494707872878,
          0.5011563480225677,
          0.6256475600955362
        ]
      },
      "26": {
        "ACC": [
          0.19326923076923078,
          0.19903846153846153,
          0.19807692307692307
        ],
        "MF1": [
          0.07782986135697392,
          0.08431946734892036,
          0.09099490746491119
        ]
      }
    },
    "buffer": [
      {
        "step": 1,
        "subject": 64,
        "added": 23,
        "length": 1053,
        "biased": 8
      },
      {
        "step": 2,
        "subject": 89,
        "added": 38,
        "length": 1091,
        "biased": 7
      },
      {
        "step": 3,
        "subject": 1,
        "added": 0,
        "length": 1091
      },
      {
        "step": 4,
        "subject": 27,
        "added": 39,
        "length": 1130,
        "biased": 13
      },
      {
        "step": 5,
        "subject": 60,
        "added": 32,
        "length": 1162,
        "biased": 9
      },
      {
        "step": 6,
        "subject": 5,
        "added": 2,
        "length": 1164
      },
      {
        "step": 7,
        "subject": 52,
        "added": 28,
        "length": 1192,
        "biased": 7
      },
      {
        "step": 8,
        "subject": 42,
        "added": 18,
        "length": 1210,
        "biased": 3
      },
      {
        "step": 9,
        "subject": 80,
        "added": 27,
        "length": 1237,
        "biased": 5
      },
      {
        "step": 10,
        "subject": 26,
        "added": 1,
        "length": 1238
      }
    ],
    "attack_diagnostics": [
      {
        "attempted": 258,
        "clean_pass_rate": 0.437984496124031,
        "adv_pass_rate": 0.9418604651162791,
        "accepted_rate": 0.9418604651162791,
        "mean_rel_eog": 0.02479546486089627,
        "mean_rel_eeg": 0.024186431326799922,
        "mean_feature_shift": 47.90589947170682,
        "step": 1,
        "subject": 64
      },
      {
        "attempted": 300,
        "clean_pass_rate": 0.6766666666666666,
        "adv_pass_rate": 0.8466666666666667,
        "accepted_rate": 0.8466666666666667,
        "mean_rel_eog": 0.0254361891032507,
        "mean_rel_eeg": 0.023357718290450673,
        "mean_feature_shift": 41.344728310902916,
        "step": 2,
        "subject": 89
      },
      {
        "attempted": 258,
        "clean_pass_rate": 0.0,
        "adv_pass_rate": 0.0,
        "accepted_rate": 0.0,
        "mean_rel_eog": 0.0,
        "mean_rel_eeg": 0.0,
        "mean_feature_shift": 0.0,
        "step": 3,
        "subject": 1
      },
      {
        "attempted": 264,
        "clean_pass_rate": 0.7840909090909091,
        "adv_pass_rate": 0.7765151515151515,
        "accepted_rate": 0.7765151515151515,
        "mean_rel_eog": 0.026597648341622617,
        "mean_rel_eeg": 0.02258874734656678,
        "mean_feature_shift": 26.124012099372017,
        "step": 4,
        "subject": 27
      },
      {
        "attempted": 264,
        "clean_pass_rate": 0.7537878787878788,
        "adv_pass_rate": 0.9090909090909091,
        "accepted_rate": 0.9090909090909091,
        "mean_rel_eog": 0.028283714109824762,
        "mean_rel_eeg": 0.022769664207266435,
        "mean_feature_shift": 45.06159104241265,
        "step": 5,
        "subject": 60
      },
      {
        "attempted": 252,
        "clean_pass_rate": 0.09126984126984126,
        "adv_pass_rate": 0.11507936507936507,
        "accepted_rate": 0.11507936507936507,
        "mean_rel_eog": 0.003282206954382774,
        "mean_rel_eeg": 0.0024365114449109468,
        "mean_feature_shift": 0.8129891802867254,
        "step": 6,
        "subject": 5
      },
      {
        "attempted": 264,
        "clean_pass_rate": 0.6931818181818182,
        "adv_pass_rate": 0.9734848484848485,
        "accepted_rate": 0.9734848484848485,
        "mean_rel_eog": 0.03321409463468525,
        "mean_rel_eeg": 0.026267175045278337,
        "mean_feature_shift": 35.30510563320584,
        "step": 7,
        "subject": 52
      },
      {
        "attempted": 234,
        "clean_pass_rate": 0.5683760683760684,