{
  "config": {
    "clean_run_dir": "experiments/rttdp_brainuicl_runs/probe10_stealth_loss_trainbias",
    "attack_run_dir": "experiments/rttdp_brainuicl_runs/probe10_stealth_loss_trainbias",
    "attack_variant": "attack_stealth_loss_drift",
    "seed": 4321,
    "device": "cuda:0",
    "final_step": 10
  },
  "clean_summary": {
    "initial_acc": 0.591980638741104,
    "before_acc": 0.5920039650272209,
    "after_acc": 0.6151745638082847,
    "initial_mf1": 0.5024796990779837,
    "before_mf1": 0.5054106596830572,
    "after_mf1": 0.5274961068516304
  },
  "attack_summary": {
    "initial_acc": 0.591980638741104,
    "before_acc": 0.6007068582580211,
    "after_acc": 0.6348880267019803,
    "initial_mf1": 0.5024796990779837,
    "before_mf1": 0.5181918984514756,
    "after_mf1": 0.5448510238794411
  },
  "clean_final": {
    "acc": 0.6501796407185628,
    "mf1": 0.6032201245242936,
    "aaa": 0.7046271094175286,
    "aaf1": 0.6828109327345376,
    "fr": 0.07441820816639684
  },
  "attack_final": {
    "acc": 0.6683832335329342,
    "mf1": 0.636436276106911,
    "aaa": 0.7093685356559608,
    "aaf1": 0.68739380625882,
    "fr": 0.04850396385644872
  },
  "final_delta_attack_minus_clean": {
    "acc": 0.01820359281437134,
    "mf1": 0.03321615158261737,
    "aaa": 0.0047414262384322114,
    "aaf1": 0.004582873524282327,
    "fr": -0.02591424430994812
  },
  "clean_low_point": {
    "min_acc": 0.6501796407185628,
    "min_acc_step": 10,
    "min_mf1": 0.6032201245242936,
    "min_mf1_step": 10
  },
  "attack_low_point": {
    "min_acc": 0.6683832335329342,
    "min_acc_step": 10,
    "min_mf1": 0.636436276106911,
    "min_mf1_step": 10
  },
  "clean_buffer": {
    "final_length": 1271,
    "total_added": 241,
    "total_biased": 0,
    "mean_added": 24.1
  },
  "attack_buffer": {
    "final_length": 1234,
    "total_added": 204,
    "total_biased": 62,
    "mean_added": 20.4
  },
  "attack_diagnostics": {
    "clean_pass_rate": {
      "mean": 0.4492436349180536,
      "min": 0.0,
      "max": 0.8484848484848485
    },
    "adv_pass_rate": {
      "mean": 0.6208211452630057,
      "min": 0.0,
      "max": 0.9583333333333334
    },
    "accepted_rate": {
      "mean": 0.6208211452630057,
      "min": 0.0,
      "max": 0.9583333333333334
    },
    "mean_rel_eog": {
      "mean": 0.019738476001657547,
      "min": 0.0,
      "max": 0.03520786286228233
    },
    "mean_rel_eeg": {
      "mean": 0.017187134477879024,
      "min": 0.0,
      "max": 0.03362013027071953
    },
    "mean_feature_shift": {
      "mean": 29.061194048987495,
      "min": 0.0,
      "max": 68.26937336391873
    }
  },
  "final_checkpoint_eval": {
    "old_generalization": {
      "subjects": [
        6,
        14,
        32,
        39,
        43,
        44,
        51,
        56,
        59,
        62,
        67,
        68,
        72,
        73,
        75,
        88,
        90,
        92,
        100
      ],
      "clean": {
        "acc": 0.6501796407185628,
        "mf1": 0.6032201245242936,
        "n_epochs": 16700
      },
      "attack": {
        "acc": 0.6683832335329342,
        "mf1": 0.636436276106911,
        "n_epochs": 16700
      },
      "delta_attack_minus_clean": {
        "acc": 0.01820359281437134,
        "mf1": 0.03321615158261737
      }
    },
    "new_order_all": {
      "subjects": [
        64,
        89,
        1,
        27,
        60,
        5,
        52,
        42,
        80,
        26
      ],
      "clean": {
        "acc": 0.5254504504504505,
        "mf1": 0.48235042273018375,
        "n_epochs": 8880
      },
      "attack": {
        "acc": 0.5516891891891892,
        "mf1": 0.5182688018960605,
        "n_epochs": 8880
      },
      "delta_attack_minus_clean": {
        "acc": 0.02623873873873872,
        "mf1": 0.03591837916587676
      }
    },
    "source_train": {
      "subjects": [
        7,
        16,
        18,
        23,
        24,
        28,
        30,
        34,
        35,
        37,
        38,
        41,
        45,
        48,
        50,
        53,
        69,
        71,
        74,
        78,
        79,
        82,
        93,
        94
      ],
      "clean": {
        "acc": 0.6644174757281553,
        "mf1": 0.6357424870388682,
        "n_epochs": 20600
      },
      "attack": {
        "acc": 0.6766504854368932,
        "mf1": 0.6565695246662873,
        "n_epochs": 20600
      },
      "delta_attack_minus_clean": {
        "acc": 0.012233009708737863,
        "mf1": 0.02082703762741911
      }
    },
    "validation": {
      "subjects": [
        12,
        21,
        29,
        58,
        76,
        77
      ],
      "clean": {
        "acc": 0.6003802281368821,
        "mf1": 0.5567006750364314,
        "n_epochs": 5260
      },
      "attack": {
        "acc": 0.6321292775665399,
        "mf1": 0.6085041891793334,
        "n_epochs": 5260
      },
      "delta_attack_minus_clean": {
        "acc": 0.03174904942965784,
        "mf1": 0.05180351414290196
      }
    }
  }
}