{
  "source_subjects": [
    7,
    16,
    18,
    23
  ],
  "old_subjects": [
    6,
    14,
    32,
    39
  ],
  "new_subjects": [
    64,
    89,
    1,
    27
  ],
  "centroid_shift_from_pretrain": {
    "pretrain:source_train": 0.0,
    "clean_10:source_train": 58.629364013671875,
    "clean_25:source_train": 59.909488677978516,
    "clean_49:source_train": 49.13090133666992,
    "attack_10:source_train": 61.12352752685547,
    "attack_25:source_train": 57.21354293823242,
    "attack_49:source_train": 28.282047271728516,
    "pretrain:old_generalization": 0.0,
    "clean_10:old_generalization": 26.31250762939453,
    "clean_25:old_generalization": 25.424455642700195,
    "clean_49:old_generalization": 23.395374298095703,
    "attack_10:old_generalization": 26.956398010253906,
    "attack_25:old_generalization": 30.26470947265625,
    "attack_49:old_generalization": 26.468334197998047,
    "pretrain:new_order": 0.0,
    "clean_10:new_order": 25.778406143188477,
    "clean_25:new_order": 25.15081024169922,
    "clean_49:new_order": 23.331363677978516,
    "attack_10:new_order": 24.32232093811035,
    "attack_25:new_order": 29.016332626342773,
    "attack_49:new_order": 29.033668518066406
  },
  "old_new_distance": {
    "pretrain": 18.36086082458496,
    "clean_10": 23.994434356689453,
    "clean_25": 24.905628204345703,
    "clean_49": 22.816757202148438,
    "attack_10": 22.947633743286133,
    "attack_25": 26.155017852783203,
    "attack_49": 26.970293045043945
  }
}