{
  "performance": {
    "stability": {
      "ACC": [
        0.7024550898203593,
        0.701497005988024,
        0.7251497005988023,
        0.6620359281437126,
        0.7125748502994012,
        0.7161676646706587,
        0.6996407185628742,
        0.7011377245508982,
        0.7070059880239521,
        0.7297604790419162,
        0.677245508982036
      ],
      "MF1": [
        0.6880332943309935,
        0.6916015849993261,
        0.7165782693990658,
        0.6214926965173786,
        0.7054379255589444,
        0.7031590611131129,
        0.6661730319147374,
        0.6877509239652969,
        0.6891221596376476,
        0.7190575893264362,
        0.6395579563656902
      ],
      "AAA": [
        0.7024550898203593,
        0.7019760479041917,
        0.7097005988023953,
        0.6977844311377246,
        0.7007425149700599,
        0.7033133732534931,
        0.7027887082976905,
        0.7025823353293413,
        0.7030738522954092,
        0.7057425149700599,
        0.7031518780620577
      ],
      "AAF1": [
        0.6880332943309935,
        0.6898174396651597,
        0.6987377162431284,
        0.6794264613116909,
        0.6846287541611417,
        0.6877171386531368,
        0.6846394091190797,
        0.6850283484748569,
        0.6854832163818336,
        0.6888406536762939,
        0.684360408466239
      ],
      "FR": [
        0.0,
        0.0013639075952603939,
        0.03230756116273111,
        0.057539851675049034,
        0.014406273974938088,
        0.019520927457164803,
        0.0040064785610775455,
        0.00187537294348316,
        0.00647856107748695,
        0.038871366464922015,
        0.03588781860028985
      ]
    },
    "plasticity": {
      "64": {
        "ACC": [
          0.7290697674418605,
          0.7290697674418605,
          0.7267441860465116
        ],
        "MF1": [
          0.7631163096154122,
          0.7631163096154122,
          0.7546822965375843
        ]
      },
      "89": {
        "ACC": [
          0.801,
          0.721,
          0.774
        ],
        "MF1": [
          0.7326458009878241,
          0.6655664559693996,
          0.7173547767751505
        ]
      },
      "1": {
        "ACC": [
          0.2,
          0.2453488372093023,
          0.2127906976744186
        ],
        "MF1": [
          0.09178451178451179,
          0.1515255729591665,
          0.1702959820606879
        ]
      },
      "27": {
        "ACC": [
          0.7170454545454545,
          0.759090909090909,
          0.8272727272727273
        ],
        "MF1": [
          0.6478294628169081,
          0.6785041134107376,
          0.7605156176332104
        ]
      },
      "60": {
        "ACC": [
          0.7068181818181818,
          0.6284090909090909,
          0.696590909090909
        ],
        "MF1": [
          0.6198544430288646,
          0.5676141973043067,
          0.6222583254587866
        ]
      },
      "5": {
        "ACC": [
          0.3107142857142857,
          0.3380952380952381,
          0.15714285714285714
        ],
        "MF1": [
          0.11302397770724026,
          0.1605637330610987,
          0.07719745222929937
        ]
      },
      "52": {
        "ACC": [
          0.7977272727272727,
          0.7954545454545454,
          0.825
        ],
        "MF1": [
          0.7618650459366945,
          0.7535967208857706,
          0.7894550716459369
        ]
      },
      "42": {
        "ACC": [
          0.7897435897435897,
          0.7461538461538462,
          0.7807692307692308
        ],
        "MF1": [
          0.5786981067581205,
          0.6098655924167036,
          0.6873727005308998
        ]
      },
      "80": {
        "ACC": [
          0.6744186046511628,
          0.6569767441860465,
          0.736046511627907
        ],
        "MF1": [
          0.6381494707872878,
          0.5416965546175105,
          0.6969765846620446
        ]
      },
      "26": {
        "ACC": [
          0.19326923076923078,
          0.2,
          0.3105769230769231
        ],
        "MF1": [
          0.07782986135697392,
          0.09453089866854784,
          0.12479146494746782
        ]
      }
    },
    "buffer": [
      {
        "step": 1,
        "subject": 64,
        "added": 24,
        "length": 1054
      },
      {
        "step": 2,
        "subject": 89,
        "added": 38,
        "length": 1092
      },
      {
        "step": 3,
        "subject": 1,
        "added": 27,
        "length": 1119
      },
      {
        "step": 4,
        "subject": 27,
        "added": 38,
        "length": 1157
      },
      {
        "step": 5,
        "subject": 60,
        "added": 34,
        "length": 1191
      },
      {
        "step": 6,
        "subject": 5,
        "added": 23,
        "length": 1214
      },
      {
        "step": 7,
        "subject": 52,
        "added": 23,
        "length": 1237
      },
      {
        "step": 8,
        "subject": 42,
        "added": 29,
        "length": 1266
      },
      {
        "step": 9,
        "subject": 80,
        "added": 30,
        "length": 1296
      },
      {
        "step": 10,
        "subject": 26,
        "added": 16,
        "length": 1312
      }
    ],
    "attack_diagnostics": [],
    "order": [
      64,
      89,
      1,
      27,
      60,
      5,
      52,
      42,
      80,
      26
    ],
    "attack_mode": "none"
  },
  "summary": {
    "initial_acc": 0.591980638741104,
    "before_acc": 0.581959897854084,
    "after_acc": 0.6046934042701485,
    "initial_mf1": 0.5024796990779837,
    "before_mf1": 0.4986580148908654,
    "after_mf1": 0.5400900272481068
  }
}