{
  "performance": {
    "stability": {
      "ACC": [
        0.7024550898203593,
        0.7076646706586827,
        0.714251497005988,
        0.609940119760479,
        0.6721556886227545,
        0.6962874251497005,
        0.5594011976047905,
        0.6069461077844311,
        0.5940119760479042,
        0.4674251497005988,
        0.3725748502994012
      ],
      "MF1": [
        0.6880332943309935,
        0.6914406291188568,
        0.7002226735561452,
        0.5686709623205599,
        0.6347126145342199,
        0.6810144850077092,
        0.484464574544763,
        0.5799359130891936,
        0.5458811241721955,
        0.4413581337653233,
        0.21204664070717577
      ],
      "AAA": [
        0.7024550898203593,
        0.7050598802395209,
        0.7081237524950099,
        0.6835778443113771,
        0.6812934131736526,
        0.6837924151696605,
        0.666022241231822,
        0.6586377245508982,
        0.6514570858283433,
        0.6330538922155688,
        0.609373979314099
      ],
      "AAF1": [
        0.6880332943309935,
        0.6897369617249252,
        0.6932321990019985,
        0.6620918898316388,
        0.656616034772155,
        0.6606824431447474,
        0.6355084619161782,
        0.6285618933128051,
        0.6193751411860707,
        0.601573440443996,
        0.5661619131951942
      ],
      "FR": [
        0.0,
        0.00741624754922853,
        0.016793112266643855,
        0.1317023271673345,
        0.04313357770011079,
        0.008780155144489082,
        0.2036484528173216,
        0.13596453840252326,
        0.15437729093853889,
        0.33458358196232213,
        0.4696104338931038
      ]
    },
    "plasticity": {
      "64": {
        "ACC": [
          0.7290697674418605,
          0.7290697674418605,
          0.7302325581395349
        ],
        "MF1": [
          0.7631163096154122,
          0.7631163096154122,
          0.7556656810214313
        ]
      },
      "89": {
        "ACC": [
          0.801,
          0.746,
          0.769
        ],
        "MF1": [
          0.7326458009878241,
          0.6800371528245202,
          0.6989410348117351
        ]
      },
      "1": {
        "ACC": [
          0.2,
          0.20813953488372092,
          0.2127906976744186
        ],
        "MF1": [
          0.09178451178451179,
          0.08781765774070807,
          0.09490723419010039
        ]
      },
      "27": {
        "ACC": [
          0.7170454545454545,
          0.6477272727272727,
          0.6045454545454545
        ],
        "MF1": [
          0.6478294628169081,
          0.5718667293092674,
          0.5128644806786518
        ]
      },
      "60": {
        "ACC": [
          0.7068181818181818,
          0.6647727272727273,
          0.6397727272727273
        ],
        "MF1": [
          0.6198544430288646,
          0.5716813636352421,
          0.573376736810028
        ]
      },
      "5": {
        "ACC": [
          0.3107142857142857,
          0.31547619047619047,
          0.43333333333333335
        ],
        "MF1": [
          0.11302397770724026,
          0.10453786805227523,
          0.224534808897271
        ]
      },
      "52": {
        "ACC": [
          0.7977272727272727,
          0.5363636363636364,
          0.6613636363636364
        ],
        "MF1": [
          0.7618650459366945,
          0.3343778432926471,
          0.5866957207993837
        ]
      },
      "42": {
        "ACC": [
          0.7897435897435897,
          0.5551282051282052,
          0.3564102564102564
        ],
        "MF1": [
          0.5786981067581205,
          0.505624568283768,
          0.3908537537441846
        ]
      },
      "80": {
        "ACC": [
          0.6744186046511628,
          0.5662790697674419,
          0.4790697674418605
        ],
        "MF1": [
          0.6381494707872878,
          0.42626845210825604,
          0.37964734873970335
        ]
      },
      "26": {
        "ACC": [
          0.19326923076923078,
          0.2,
          0.2
        ],
        "MF1": [
          0.07782986135697392,
          0.06666666666666667,
          0.06666666666666667
        ]
      }
    },
    "buffer": [
      {
        "step": 1,
        "subject": 64,
        "added": 23,
        "length": 1053,
        "biased": 8
      },
      {
        "step": 2,
        "subject": 89,
        "added": 35,
        "length": 1088,
        "biased": 7
      },
      {
        "step": 3,
        "subject": 1,
        "added": 9,
        "length": 1097,
        "biased": 1
      },
      {
        "step": 4,
        "subject": 27,
        "added": 36,
        "length": 1133,
        "biased": 9
      },
      {
        "step": 5,
        "subject": 60,
        "added": 33,
        "length": 1166,
        "biased": 10
      },
      {
        "step": 6,
        "subject": 5,
        "added": 1,
        "length": 1167
      },
      {
        "step": 7,
        "subject": 52,
        "added": 26,
        "length": 1193,
        "biased": 6
      },
      {
        "step": 8,
        "subject": 42,
        "added": 23,
        "length": 1216,
        "biased": 7
      },
      {
        "step": 9,
        "subject": 80,
        "added": 28,
        "length": 1244,
        "biased": 7
      },
      {
        "step": 10,
        "subject": 26,
        "added": 50,
        "length": 1294,
        "biased": 12
      }
    ],
    "attack_diagnostics": [
      {
        "attempted": 258,
        "clean_pass_rate": 0.437984496124031,
        "adv_pass_rate": 0.9418604651162791,
        "accepted_rate": 0.9418604651162791,
        "mean_rel_eog": 0.02479546486089627,
        "mean_rel_eeg": 0.024186431326799922,
        "mean_feature_shift": 47.90589947170682,
        "step": 1,
        "subject": 64
      },
      {
        "attempted": 300,
        "clean_pass_rate": 0.68,
        "adv_pass_rate": 0.8666666666666667,
        "accepted_rate": 0.8666666666666667,
        "mean_rel_eog": 0.025725725572556257,
        "mean_rel_eeg": 0.02360608948705097,
        "mean_feature_shift": 42.633237759272255,
        "step": 2,
        "subject": 89
      },
      {
        "attempted": 258,
        "clean_pass_rate": 0.11627906976744186,
        "adv_pass_rate": 0.39147286821705424,
        "accepted_rate": 0.39147286821705424,
        "mean_rel_eog": 0.011205363371926878,
        "mean_rel_eeg": 0.021911123301833868,
        "mean_feature_shift": 3.0198409888479443,
        "step": 3,
        "subject": 1
      },
      {
        "attempted": 264,
        "clean_pass_rate": 0.75,
        "adv_pass_rate": 0.696969696969697,
        "accepted_rate": 0.696969696969697,
        "mean_rel_eog": 0.025082504997650783,
        "mean_rel_eeg": 0.021490706648263667,
        "mean_feature_shift": 24.85779317220052,
        "step": 4,
        "subject": 27
      },
      {
        "attempted": 264,
        "clean_pass_rate": 0.6856060606060606,
        "adv_pass_rate": 0.9962121212121212,
        "accepted_rate": 0.9962121212121212,
        "mean_rel_eog": 0.032855542894038886,
        "mean_rel_eeg": 0.025023263568679493,
        "mean_feature_shift": 47.61917919582791,
        "step": 5,
        "subject": 60
      },
      {
        "attempted": 252,
        "clean_pass_rate": 0.9761904761904762,
        "adv_pass_rate": 0.9841269841269841,
        "accepted_rate": 0.9841269841269841,
        "mean_rel_eog": 0.03674768697884348,
        "mean_rel_eeg": 0.031237065688603453,
        "mean_feature_shift": 4.074451751179165,
        "step": 6,
        "subject": 5
      },
      {
        "attempted": 264,
        "clean_pass_rate": 0.7954545454545454,
        "adv_pass_rate": 1.0,
        "accepted_rate": 1.0,
        "mean_rel_eog": 0.03332444642566972,
        "mean_rel_eeg": 0.026154371702836618,
        "mean_feature_shift": 35.540444903903534,
        "step": 7,
        "subject": 52
      },
      {
        "attempted": 234,