{
  "performance": {
    "stability": {
      "ACC": [
        0.7024550898203593,
        0.4482035928143713,
        0.5392814371257485,
        0.6419161676646706,
        0.5562275449101797,
        0.5385029940119761,
        0.6729940119760479,
        0.5510179640718563,
        0.5117365269461078,
        0.5865269461077844,
        0.6487425149700599
      ],
      "MF1": [
        0.6880332943309935,
        0.408051598326913,
        0.4685214092357091,
        0.6026616190374915,
        0.5065781419603602,
        0.4657976677475652,
        0.635092073477056,
        0.5162319671889559,
        0.41260924623535883,
        0.5311733088772,
        0.610642099041151
      ],
      "AAA": [
        0.7024550898203593,
        0.5753293413173652,
        0.563313373253493,
        0.5829640718562874,
        0.577616766467066,
        0.5710978043912176,
        0.5856544054747648,
        0.5813248502994012,
        0.5735928143712575,
        0.5748862275449101,
        0.5816004354926511
      ],
      "AAF1": [
        0.6880332943309935,
        0.5480424463289533,
        0.5215354339645385,
        0.5418169802327768,
        0.5347692125782935,
        0.5232739551065054,
        0.539247972016584,
        0.5363709714131306,
        0.5226196686156004,
        0.5234750326417604,
        0.5313993114053414
      ],
      "FR": [
        0.0,
        0.36194697809223425,
        0.23229051231779052,
        0.08618191117551793,
        0.20816639672662177,
        0.23339868723893953,
        0.04194015855425798,
        0.2155826442758503,
        0.27150285568152754,
        0.16503281902651099,
        0.07646406955928743
      ]
    },
    "plasticity": {
      "64": {
        "ACC": [
          0.7290697674418605,
          0.7290697674418605,
          0.4186046511627907
        ],
        "MF1": [
          0.7631163096154122,
          0.7631163096154122,
          0.4228341313215263
        ]
      },
      "89": {
        "ACC": [
          0.801,
          0.34,
          0.376
        ],
        "MF1": [
          0.7326458009878241,
          0.2830768290968767,
          0.3224457932233369
        ]
      },
      "1": {
        "ACC": [
          0.2,
          0.2,
          0.22674418604651161
        ],
        "MF1": [
          0.09178451178451179,
          0.09259278700226677,
          0.1422055923575585
        ]
      },
      "27": {
        "ACC": [
          0.7170454545454545,
          0.7011363636363637,
          0.6579545454545455
        ],
        "MF1": [
          0.6478294628169081,
          0.6328245044050392,
          0.5634700725946519
        ]
      },
      "60": {
        "ACC": [
          0.7068181818181818,
          0.41704545454545455,
          0.3784090909090909
        ],
        "MF1": [
          0.6198544430288646,
          0.3331937176218619,
          0.29071150440472293
        ]
      },
      "5": {
        "ACC": [
          0.3107142857142857,
          0.2392857142857143,
          0.18095238095238095
        ],
        "MF1": [
          0.11302397770724026,
          0.11392503904216553,
          0.06373845635321873
        ]
      },
      "52": {
        "ACC": [
          0.7977272727272727,
          0.7511363636363636,
          0.6397727272727273
        ],
        "MF1": [
          0.7618650459366945,
          0.6864606140841555,
          0.4935320026511428
        ]
      },
      "42": {
        "ACC": [
          0.7897435897435897,
          0.5782051282051283,
          0.30512820512820515
        ],
        "MF1": [
          0.5786981067581205,
          0.5152467561419811,
          0.3290234771952223
        ]
      },
      "80": {
        "ACC": [
          0.6744186046511628,
          0.5627906976744186,
          0.5848837209302326
        ],
        "MF1": [
          0.6381494707872878,
          0.38771973594396203,
          0.45468544974857694
        ]
      },
      "26": {
        "ACC": [
          0.19326923076923078,
          0.17884615384615385,
          0.29423076923076924
        ],
        "MF1": [
          0.07782986135697392,
          0.10107255781272603,
          0.10074114367308085
        ]
      }
    },
    "buffer": [
      {
        "step": 1,
        "subject": 64,
        "added": 17,
        "length": 1047
      },
      {
        "step": 2,
        "subject": 89,
        "added": 26,
        "length": 1073
      },
      {
        "step": 3,
        "subject": 1,
        "added": 12,
        "length": 1085
      },
      {
        "step": 4,
        "subject": 27,
        "added": 18,
        "length": 1103
      },
      {
        "step": 5,
        "subject": 60,
        "added": 24,
        "length": 1127
      },
      {
        "step": 6,
        "subject": 5,
        "added": 30,
        "length": 1157
      },
      {
        "step": 7,
        "subject": 52,
        "added": 14,
        "length": 1171
      },
      {
        "step": 8,
        "subject": 42,
        "added": 3,
        "length": 1174
      },
      {
        "step": 9,
        "subject": 80,
        "added": 32,
        "length": 1206
      },
      {
        "step": 10,
        "subject": 26,
        "added": 12,
        "length": 1218
      }
    ],
    "attack_diagnostics": [
      {
        "attempted": 430,
        "clean_pass_rate": 0.6976744186046512,
        "adv_pass_rate": 0.627906976744186,
        "accepted_rate": 0.627906976744186,
        "mean_rel_eog": 0.3772915035486221,
        "mean_rel_eeg": 0.3862632542848587,
        "mean_feature_shift": 72.4130470275879,
        "mean_proxy_conflict": 0.02380392422589163,
        "mean_proxy_update_norm": 2.754445179303487,
        "mean_proxy_old_norm": 8.050575550397237,
        "mean_proxy_confidence": 0.9209698438644409,
        "step": 1,
        "subject": 64
      },
      {
        "attempted": 500,
        "clean_pass_rate": 0.58,
        "adv_pass_rate": 0.794,
        "accepted_rate": 0.794,
        "mean_rel_eog": 0.4366904266178608,
        "mean_rel_eeg": 0.42498345524072645,
        "mean_feature_shift": 69.13619222640992,
        "mean_proxy_conflict": 0.05163939776830375,
        "mean_proxy_update_norm": 3.5418436169624328,
        "mean_proxy_old_norm": 7.892337104678154,
        "mean_proxy_confidence": 0.9393192380666733,
        "step": 2,
        "subject": 89
      },
      {
        "attempted": 430,
        "clean_pass_rate": 0.6976744186046512,
        "adv_pass_rate": 0.6325581395348837,
        "accepted_rate": 0.6325581395348837,
        "mean_rel_eog": 0.38765106201171873,
        "mean_rel_eeg": 0.5456409722566604,
        "mean_feature_shift": 50.373535283406575,
        "mean_proxy_conflict": -0.02702981491262714,
        "mean_proxy_update_norm": 5.543427236874899,
        "mean_proxy_old_norm": 4.854162820180258,
        "mean_proxy_confidence": 0.919201789299647,
        "step": 3,
        "subject": 1
      },
      {
        "attempted": 440,
        "clean_pass_rate": 0.7954545454545454,
        "adv_pass_rate": 0.6477272727272727,
        "accepted_rate": 0.6477272727272727,
        "mean_rel_eog": 0.4236930420001348,
        "mean_rel_eeg": 0.3967455605665843,
        "mean_feature_shift": 64.85334904988606,
        "mean_proxy_conflict": 0.04159202470133702,
        "mean_proxy_update_norm": 1.9049791932106017,
        "mean_proxy_old_norm": 5.767620380719503,
        "mean_proxy_confidence": 0.9191859066486359,
        "step": 4,
        "subject": 27
      },
      {
        "attempted": 440,
        "clean_pass_rate": 0.7727272727272727,
        "adv_pass_rate": 0.6795454545454546,
        "accepted_rate": 0.6795454545454546,
        "mean_rel_eog": 0.5024643997351329,
        "mean_rel_eeg": 0.4163884510596593,
        "mean_feature_shift": 81.0398671468099,
        "mean_proxy_conflict": 0.15841589324797192,
        "mean_proxy_update_norm": 3.675886066754659,
        "mean_proxy_old_norm": 6.522196086247762,