{
  "config": {
    "seed": 4321,
    "data_root": "/home/undefined/Disk/ai-storage/BrainUICL/processed/isruc_group1_npy_float32",
    "input_checkpoint_root": "/home/undefined/Disk/ai-storage/BrainUICL/model_parameter",
    "new_order": [
      64,
      89,
      1,
      27,
      60,
      5,
      52,
      42,
      80,
      26
    ],
    "max_subjects": 10,
    "ssl_epoch": 10,
    "incremental_epoch": 10,
    "attack_mode": "proxy_meta_conflict",
    "proxy_meta_poison_scope": "individual"
  },
  "clean_summary": {
    "initial_acc": 0.591980638741104,
    "before_acc": 0.581959897854084,
    "after_acc": 0.6046934042701485,
    "initial_mf1": 0.5024796990779837,
    "before_mf1": 0.4986580148908654,
    "after_mf1": 0.5400900272481068
  },
  "attack_summary": {
    "initial_acc": 0.591980638741104,
    "before_acc": 0.4554743175429222,
    "after_acc": 0.41520421942398694,
    "initial_mf1": 0.5024796990779837,
    "before_mf1": 0.3747823400117737,
    "after_mf1": 0.31599222716093955
  },
  "clean_final": {
    "acc": 0.677245508982036,
    "mf1": 0.6395579563656902,
    "aaa": 0.7031518780620577,
    "aaf1": 0.684360408466239,
    "fr": 0.03588781860028985
  },
  "attack_final": {
    "acc": 0.6062275449101796,
    "mf1": 0.5625856078457515,
    "aaa": 0.5709689711486119,
    "aaf1": 0.5124185915640868,
    "fr": 0.13698746909896864
  }
}