{
  "performance": {
    "stability": {
      "ACC": [
        0.7024550898203593,
        0.7168263473053892,
        0.7150898203592815,
        0.6129940119760479,
        0.692874251497006,
        0.727185628742515,
        0.704251497005988,
        0.7215568862275449,
        0.7323952095808384,
        0.728502994011976,
        0.5902395209580839
      ],
      "MF1": [
        0.6880332943309935,
        0.6975203423240837,
        0.6898123533404712,
        0.5712567103556245,
        0.6532649391873127,
        0.7095513701183136,
        0.6688718455245165,
        0.7017965389494761,
        0.7184396728780691,
        0.719423895177635,
        0.5386113776426541
      ],
      "AAA": [
        0.7024550898203593,
        0.7096407185628743,
        0.7114570858283433,
        0.6868413173652694,
        0.6880479041916168,
        0.6945708582834332,
        0.6959538066723695,
        0.6991541916167665,
        0.702847638057219,
        0.7054131736526946,
        0.6949428415895482
      ],
      "AAF1": [
        0.6880332943309935,
        0.6927768183275386,
        0.6917886633318494,
        0.6616556750877932,
        0.659977527907697,
        0.6682398349427997,
        0.6683301221687593,
        0.672513424266349,
        0.6776163407787623,
        0.6817970962186496,
        0.6687802127117409
      ],
      "FR": [
        0.0,
        0.020458613928906223,
        0.017986531412496818,
        0.12735487170744192,
        0.013639075952604255,
        0.03520586480265965,
        0.002557326741113199,
        0.027192907680504558,
        0.042622112351888175,
        0.03708123774614265,
        0.15974767709487683
      ]
    },
    "plasticity": {
      "64": {
        "ACC": [
          0.7290697674418605,
          0.7290697674418605,
          0.7383720930232558
        ],
        "MF1": [
          0.7631163096154122,
          0.7631163096154122,
          0.7594821128636899
        ]
      },
      "89": {
        "ACC": [
          0.801,
          0.744,
          0.741
        ],
        "MF1": [
          0.7326458009878241,
          0.676264138794466,
          0.6784622818640484
        ]
      },
      "1": {
        "ACC": [
          0.2,
          0.23837209302325582,
          0.21744186046511627
        ],
        "MF1": [
          0.09178451178451179,
          0.14885624337865955,
          0.09516324453008464
        ]
      },
      "27": {
        "ACC": [
          0.7170454545454545,
          0.6113636363636363,
          0.7318181818181818
        ],
        "MF1": [
          0.6478294628169081,
          0.5258616722428883,
          0.6599303627363591
        ]
      },
      "60": {
        "ACC": [
          0.7068181818181818,
          0.6818181818181818,
          0.6625
        ],
        "MF1": [
          0.6198544430288646,
          0.5874812360216592,
          0.5853233282803247
        ]
      },
      "5": {
        "ACC": [
          0.3107142857142857,
          0.37023809523809526,
          0.42023809523809524
        ],
        "MF1": [
          0.11302397770724026,
          0.1927815446008248,
          0.2258153275865634
        ]
      },
      "52": {
        "ACC": [
          0.7977272727272727,
          0.7772727272727272,
          0.8329545454545455
        ],
        "MF1": [
          0.7618650459366945,
          0.7216680039537182,
          0.7967324901008139
        ]
      },
      "42": {
        "ACC": [
          0.7897435897435897,
          0.7935897435897435,
          0.8115384615384615
        ],
        "MF1": [
          0.5786981067581205,
          0.651008282284872,
          0.6927815141142311
        ]
      },
      "80": {
        "ACC": [
          0.6744186046511628,
          0.7023255813953488,
          0.7406976744186047
        ],
        "MF1": [
          0.6381494707872878,
          0.6405075217551716,
          0.7071970583337823
        ]
      },
      "26": {
        "ACC": [
          0.19326923076923078,
          0.20096153846153847,
          0.29134615384615387
        ],
        "MF1": [
          0.07782986135697392,
          0.09391038851996031,
          0.09024571854058079
        ]
      }
    },
    "buffer": [
      {
        "step": 1,
        "subject": 64,
        "added": 21,
        "length": 1051
      },
      {
        "step": 2,
        "subject": 89,
        "added": 30,
        "length": 1081
      },
      {
        "step": 3,
        "subject": 1,
        "added": 28,
        "length": 1109
      },
      {
        "step": 4,
        "subject": 27,
        "added": 35,
        "length": 1144
      },
      {
        "step": 5,
        "subject": 60,
        "added": 30,
        "length": 1174
      },
      {
        "step": 6,
        "subject": 5,
        "added": 0,
        "length": 1174
      },
      {
        "step": 7,
        "subject": 52,
        "added": 29,
        "length": 1203
      },
      {
        "step": 8,
        "subject": 42,
        "added": 27,
        "length": 1230
      },
      {
        "step": 9,
        "subject": 80,
        "added": 27,
        "length": 1257
      },
      {
        "step": 10,
        "subject": 26,
        "added": 52,
        "length": 1309
      }
    ],
    "attack_diagnostics": [
      {
        "attempted": 258,
        "clean_pass_rate": 0.437984496124031,
        "adv_pass_rate": 0.9418604651162791,
        "accepted_rate": 0.9418604651162791,
        "mean_rel_eog": 0.02479018136445019,
        "mean_rel_eeg": 0.024242503982451227,
        "mean_feature_shift": 47.710570441352,
        "step": 1,
        "subject": 64
      },
      {
        "attempted": 300,
        "clean_pass_rate": 0.6333333333333333,
        "adv_pass_rate": 0.8333333333333334,
        "accepted_rate": 0.8333333333333334,
        "mean_rel_eog": 0.02494527950572471,
        "mean_rel_eeg": 0.022526316305932898,
        "mean_feature_shift": 40.18139799435934,
        "step": 2,
        "subject": 89
      },
      {
        "attempted": 258,
        "clean_pass_rate": 0.0,
        "adv_pass_rate": 0.0,
        "accepted_rate": 0.0,
        "mean_rel_eog": 0.0,
        "mean_rel_eeg": 0.0,
        "mean_feature_shift": 0.0,
        "step": 3,
        "subject": 1
      },
      {
        "attempted": 264,
        "clean_pass_rate": 0.6363636363636364,
        "adv_pass_rate": 0.7159090909090909,
        "accepted_rate": 0.7159090909090909,
        "mean_rel_eog": 0.023607500000960298,
        "mean_rel_eeg": 0.01914004764209191,
        "mean_feature_shift": 18.22354751163059,
        "step": 4,
        "subject": 27
      },
      {
        "attempted": 264,
        "clean_pass_rate": 0.5606060606060606,
        "adv_pass_rate": 0.928030303030303,
        "accepted_rate": 0.928030303030303,
        "mean_rel_eog": 0.02908230893727806,
        "mean_rel_eeg": 0.023110697873764567,
        "mean_feature_shift": 43.88053173489041,
        "step": 5,
        "subject": 60
      },
      {
        "attempted": 252,
        "clean_pass_rate": 0.0,
        "adv_pass_rate": 0.0,
        "accepted_rate": 0.0,
        "mean_rel_eog": 0.0,
        "mean_rel_eeg": 0.0,
        "mean_feature_shift": 0.0,
        "step": 6,
        "subject": 5
      },
      {
        "attempted": 264,
        "clean_pass_rate": 0.6590909090909091,
        "adv_pass_rate": 0.9583333333333334,
        "accepted_rate": 0.9583333333333334,
        "mean_rel_eog": 0.03092981440325578,
        "mean_rel_eeg": 0.02462061122059822,
        "mean_feature_shift": 40.652141359117294,
        "step": 7,
        "subject": 52
      },
      {
        "attempted": 234,
        "clean_pass_rate": 0.594017094017094,
        "adv_pass_rate": 0.6153846153846154,
        "accepted_rate": 0.6153846153846154,
        "mean_rel_eog": 0.02198677256496416,
        "mean_rel_eeg": 0.02063968265429139,
        "mean_feature_shift": 35.90758991241455,
        "step": 8,