{
  "source_subjects": [
    7,
    16,
    18,
    23
  ],
  "old_subjects": [
    6,
    14,
    32,
    39
  ],
  "new_subjects": [
    64,
    89,
    1,
    27
  ],
  "centroid_shift_from_pretrain": {
    "pretrain:source_train": 0.0,
    "clean_10:source_train": 58.629364013671875,
    "clean_25:source_train": 59.909488677978516,
    "clean_49:source_train": 49.13090133666992,
    "attack_10:source_train": 55.30084228515625,
    "attack_25:source_train": 174.95582580566406,
    "attack_49:source_train": 614.8928833007812,
    "pretrain:old_generalization": 0.0,
    "clean_10:old_generalization": 26.31250762939453,
    "clean_25:old_generalization": 25.424455642700195,
    "clean_49:old_generalization": 23.395374298095703,
    "attack_10:old_generalization": 59.405147552490234,
    "attack_25:old_generalization": 200.92092895507812,
    "attack_49:old_generalization": 650.7833251953125,
    "pretrain:new_order": 0.0,
    "clean_10:new_order": 25.778406143188477,
    "clean_25:new_order": 25.15081024169922,
    "clean_49:new_order": 23.331363677978516,
    "attack_10:new_order": 45.0146484375,
    "attack_25:new_order": 182.05477905273438,
    "attack_49:new_order": 647.3033447265625
  },
  "old_new_distance": {
    "pretrain": 18.36086082458496,
    "clean_10": 23.994434356689453,
    "clean_25": 24.905628204345703,
    "clean_49": 22.816757202148438,
    "attack_10": 21.08108901977539,
    "attack_25": 17.27522087097168,
    "attack_49": 5.185110092163086
  }
}