{
  "performance": {
    "stability": {
      "ACC": [
        0.7024550898203593,
        0.6533532934131736,
        0.47311377245508984,
        0.20790419161676646,
        0.18922155688622755,
        0.18832335329341318,
        0.18269461077844312,
        0.18910179640718563,
        0.19047904191616766,
        0.19209580838323354,
        0.19497005988023952
      ],
      "MF1": [
        0.6880332943309935,
        0.6366079957571065,
        0.4483242361362483,
        0.1313698287764765,
        0.08192866740962454,
        0.07036611920157793,
        0.06598368720516899,
        0.06400936411628977,
        0.06418479726938904,
        0.06464062108424268,
        0.06535578341814079
      ],
      "AAA": [
        0.7024550898203593,
        0.6779041916167665,
        0.6096407185628743,
        0.5092065868263473,
        0.4452095808383234,
        0.40239520958083835,
        0.37100940975192476,
        0.34827095808383235,
        0.33073852295409184,
        0.316874251497006,
        0.30579205225911815
      ],
      "AAF1": [
        0.6880332943309935,
        0.66232064504405,
        0.5909885087414494,
        0.47608383875020616,
        0.3972528044820898,
        0.3427716902686712,
        0.30323054697388513,
        0.27332789911668576,
        0.25008977668920834,
        0.23154486112871178,
        0.2164367631550235
      ],
      "FR": [
        0.0,
        0.06990026425709668,
        0.3264853806154633,
        0.7040320518284887,
        0.7306282499360668,
        0.7319069133066234,
        0.7399198704287784,
        0.7307987383854744,
        0.7288381212172876,
        0.7265365271502856,
        0.7224448043645043
      ]
    },
    "plasticity": {
      "64": {
        "ACC": [
          0.7290697674418605,
          0.7290697674418605,
          0.6930232558139535
        ],
        "MF1": [
          0.7631163096154122,
          0.7631163096154122,
          0.7203808507795065
        ]
      },
      "89": {
        "ACC": [
          0.801,
          0.645,
          0.37
        ],
        "MF1": [
          0.7326458009878241,
          0.5876069141843414,
          0.3546645279586043
        ]
      },
      "1": {
        "ACC": [
          0.2,
          0.20232558139534884,
          0.2058139534883721
        ],
        "MF1": [
          0.09178451178451179,
          0.06783625730994151,
          0.0753311867180053
        ]
      },
      "27": {
        "ACC": [
          0.7170454545454545,
          0.18295454545454545,
          0.16818181818181818
        ],
        "MF1": [
          0.6478294628169081,
          0.08677524179098384,
          0.07296024739388499
        ]
      },
      "60": {
        "ACC": [
          0.7068181818181818,
          0.2727272727272727,
          0.26704545454545453
        ],
        "MF1": [
          0.6198544430288646,
          0.10437385599195337,
          0.08714583345841864
        ]
      },
      "5": {
        "ACC": [
          0.3107142857142857,
          0.2630952380952381,
          0.19523809523809524
        ],
        "MF1": [
          0.11302397770724026,
          0.09268743483618211,
          0.0653386454183267
        ]
      },
      "52": {
        "ACC": [
          0.7977272727272727,
          0.29204545454545455,
          0.31363636363636366
        ],
        "MF1": [
          0.7618650459366945,
          0.09049295774647888,
          0.09550173010380622
        ]
      },
      "42": {
        "ACC": [
          0.7897435897435897,
          0.05384615384615385,
          0.05384615384615385
        ],
        "MF1": [
          0.5786981067581205,
          0.020437956204379562,
          0.020437956204379562
        ]
      },
      "80": {
        "ACC": [
          0.6744186046511628,
          0.20813953488372092,
          0.20813953488372092
        ],
        "MF1": [
          0.6381494707872878,
          0.06891241578440808,
          0.06891241578440808
        ]
      },
      "26": {
        "ACC": [
          0.19326923076923078,
          0.15865384615384615,
          0.15865384615384615
        ],
        "MF1": [
          0.07782986135697392,
          0.05477178423236515,
          0.05477178423236515
        ]
      }
    },
    "buffer": [
      {
        "step": 1,
        "subject": 64,
        "added": 29,
        "length": 1059,
        "biased": 10
      },
      {
        "step": 2,
        "subject": 89,
        "added": 33,
        "length": 1092,
        "biased": 13
      },
      {
        "step": 3,
        "subject": 1,
        "added": 31,
        "length": 1123,
        "biased": 9
      },
      {
        "step": 4,
        "subject": 27,
        "added": 39,
        "length": 1162,
        "biased": 12
      },
      {
        "step": 5,
        "subject": 60,
        "added": 44,
        "length": 1206,
        "biased": 20
      },
      {
        "step": 6,
        "subject": 5,
        "added": 42,
        "length": 1248,
        "biased": 19
      },
      {
        "step": 7,
        "subject": 52,
        "added": 44,
        "length": 1292,
        "biased": 11
      },
      {
        "step": 8,
        "subject": 42,
        "added": 39,
        "length": 1331,
        "biased": 12
      },
      {
        "step": 9,
        "subject": 80,
        "added": 43,
        "length": 1374,
        "biased": 15
      },
      {
        "step": 10,
        "subject": 26,
        "added": 52,
        "length": 1426,
        "biased": 20
      }
    ],
    "attack_diagnostics": [
      {
        "attempted": 258,
        "clean_pass_rate": 0.437984496124031,
        "adv_pass_rate": 0.9418604651162791,
        "accepted_rate": 0.9418604651162791,
        "mean_rel_eog": 0.02479546486089627,
        "mean_rel_eeg": 0.024186431326799922,
        "mean_feature_shift": 47.90589947170682,
        "step": 1,
        "subject": 64
      },
      {
        "attempted": 300,
        "clean_pass_rate": 0.5933333333333334,
        "adv_pass_rate": 0.8466666666666667,
        "accepted_rate": 0.8466666666666667,
        "mean_rel_eog": 0.02609924226999283,
        "mean_rel_eeg": 0.023987532670920093,
        "mean_feature_shift": 43.91080172856649,
        "step": 2,
        "subject": 89
      },
      {
        "attempted": 258,
        "clean_pass_rate": 0.9496124031007752,
        "adv_pass_rate": 1.0,
        "accepted_rate": 1.0,
        "mean_rel_eog": 0.031537341264386974,
        "mean_rel_eeg": 0.04518597386777401,
        "mean_feature_shift": 13.463003317515055,
        "step": 3,
        "subject": 1
      },
      {
        "attempted": 264,
        "clean_pass_rate": 0.6931818181818182,
        "adv_pass_rate": 0.8257575757575758,
        "accepted_rate": 0.8257575757575758,
        "mean_rel_eog": 0.025157140671379037,
        "mean_rel_eeg": 0.02147085602498717,
        "mean_feature_shift": 26.411566310458714,
        "step": 4,
        "subject": 27
      },
      {
        "attempted": 264,
        "clean_pass_rate": 1.0,
        "adv_pass_rate": 0.8484848484848485,
        "accepted_rate": 0.8484848484848485,
        "mean_rel_eog": 0.02613015431496832,
        "mean_rel_eeg": 0.021093443760441408,
        "mean_feature_shift": 57.63231531778971,
        "step": 5,
        "subject": 60
      },
      {
        "attempted": 252,
        "clean_pass_rate": 0.09126984126984126,
        "adv_pass_rate": 0.07539682539682539,
        "accepted_rate": 0.07539682539682539,
        "mean_rel_eog": 0.0012966332918343444,
        "mean_rel_eeg": 0.0023219878267910746,
        "mean_feature_shift": 0.3135187203685443,
        "step": 6,
        "subject": 5
      },
      {
        "attempted": 264,
        "clean_pass_rate": 1.0,
        "adv_pass_rate": 1.0,
        "accepted_rate": 1.0,
        "mean_rel_eog": 0.031410814780328006,
        "mean_rel_eeg": 0.024355818517506123,
        "mean_feature_shift": 50.35171741909451,
        "step": 7,