{
  "performance": {
    "stability": {
      "ACC": [
        0.7024550898203593,
        0.6802994011976048,
        0.6931736526946107,
        0.708622754491018,
        0.7067065868263473,
        0.7109580838323353,
        0.6899401197604791,
        0.7060479041916168,
        0.6847305389221557,
        0.7066467065868264,
        0.6677844311377246
      ],
      "MF1": [
        0.6880332943309935,
        0.6531306409509227,
        0.6700974922747819,
        0.6751461830239006,
        0.686369944880568,
        0.6962885007366021,
        0.6533811488776224,
        0.6730540928849307,
        0.6525447519649534,
        0.6908259636527964,
        0.6197495084583304
      ],
      "AAA": [
        0.7024550898203593,
        0.691377245508982,
        0.6919760479041916,
        0.6961377245508982,
        0.698251497005988,
        0.7003692614770459,
        0.6988793840889649,
        0.6997754491017965,
        0.6981037924151697,
        0.6989580838323354,
        0.6961241154055526
      ],
      "AAF1": [
        0.6880332943309935,
        0.6705819676409581,
        0.6704204758522327,
        0.6716019026451497,
        0.6745555110922334,
        0.6781776760329615,
        0.6746353150107703,
        0.6744376622450402,
        0.6720051166583638,
        0.6738872013578071,
        0.6689655929124001
      ],
      "FR": [
        0.0,
        0.03154036314039728,
        0.01321285482908544,
        0.008780155144488924,
        0.006052339953968136,
        0.012104679907936114,
        0.01781604296308923,
        0.005114653482226556,
        0.025232290512317762,
        0.005967095729264342,
        0.04935640610348651
      ]
    },
    "plasticity": {
      "64": {
        "ACC": [
          0.7290697674418605,
          0.7290697674418605,
          0.6883720930232559
        ],
        "MF1": [
          0.7631163096154122,
          0.7631163096154122,
          0.7158882479168275
        ]
      },
      "89": {
        "ACC": [
          0.801,
          0.682,
          0.69
        ],
        "MF1": [
          0.7326458009878241,
          0.6147931226777194,
          0.6218607160694367
        ]
      },
      "1": {
        "ACC": [
          0.2,
          0.22906976744186047,
          0.1941860465116279
        ],
        "MF1": [
          0.09178451178451179,
          0.14370285128311672,
          0.12457985419077038
        ]
      },
      "27": {
        "ACC": [
          0.7170454545454545,
          0.7102272727272727,
          0.7534090909090909
        ],
        "MF1": [
          0.6478294628169081,
          0.642922740782311,
          0.6766289992884653
        ]
      },
      "60": {
        "ACC": [
          0.7068181818181818,
          0.6613636363636364,
          0.6636363636363637
        ],
        "MF1": [
          0.6198544430288646,
          0.5779790733999656,
          0.5758949693466473
        ]
      },
      "5": {
        "ACC": [
          0.3107142857142857,
          0.3047619047619048,
          0.1880952380952381
        ],
        "MF1": [
          0.11302397770724026,
          0.12384544542643475,
          0.06743617436174362
        ]
      },
      "52": {
        "ACC": [
          0.7977272727272727,
          0.7704545454545455,
          0.7431818181818182
        ],
        "MF1": [
          0.7618650459366945,
          0.7178271283488679,
          0.6873664612223934
        ]
      },
      "42": {
        "ACC": [
          0.7897435897435897,
          0.8038461538461539,
          0.7871794871794872
        ],
        "MF1": [
          0.5786981067581205,
          0.616977020485014,
          0.6787951768614591
        ]
      },
      "80": {
        "ACC": [
          0.6744186046511628,
          0.6465116279069767,
          0.6813953488372093
        ],
        "MF1": [
          0.6381494707872878,
          0.5574448683091517,
          0.6272406982874907
        ]
      },
      "26": {
        "ACC": [
          0.19326923076923078,
          0.19903846153846153,
          0.40576923076923077
        ],
        "MF1": [
          0.07782986135697392,
          0.09828599502563945,
          0.2330402933168255
        ]
      }
    },
    "buffer": [
      {
        "step": 1,
        "subject": 64,
        "added": 40,
        "length": 1070
      },
      {
        "step": 2,
        "subject": 89,
        "added": 44,
        "length": 1114
      },
      {
        "step": 3,
        "subject": 1,
        "added": 10,
        "length": 1124
      },
      {
        "step": 4,
        "subject": 27,
        "added": 40,
        "length": 1164
      },
      {
        "step": 5,
        "subject": 60,
        "added": 40,
        "length": 1204
      },
      {
        "step": 6,
        "subject": 5,
        "added": 23,
        "length": 1227
      },
      {
        "step": 7,
        "subject": 52,
        "added": 35,
        "length": 1262
      },
      {
        "step": 8,
        "subject": 42,
        "added": 30,
        "length": 1292
      },
      {
        "step": 9,
        "subject": 80,
        "added": 39,
        "length": 1331
      },
      {
        "step": 10,
        "subject": 26,
        "added": 0,
        "length": 1331
      }
    ],
    "attack_diagnostics": [
      {
        "attempted": 301,
        "clean_pass_rate": 0.46511627906976744,
        "adv_pass_rate": 0.6445182724252492,
        "accepted_rate": 0.6445182724252492,
        "mean_rel_eog": 0.07306578524765514,
        "mean_rel_eeg": 0.07468745218855995,
        "mean_feature_shift": 30.942126955304825,
        "step": 1,
        "subject": 64
      },
      {
        "attempted": 350,
        "clean_pass_rate": 0.5771428571428572,
        "adv_pass_rate": 0.6685714285714286,
        "accepted_rate": 0.6685714285714286,
        "mean_rel_eog": 0.08755909185856581,
        "mean_rel_eeg": 0.0878043994307518,
        "mean_feature_shift": 37.961419514247346,
        "step": 2,
        "subject": 89
      },
      {
        "attempted": 301,
        "clean_pass_rate": 0.023255813953488372,
        "adv_pass_rate": 0.019933554817275746,
        "accepted_rate": 0.019933554817275746,
        "mean_rel_eog": 0.003785179794899055,
        "mean_rel_eeg": 0.002648584544658661,
        "mean_feature_shift": 0.8233121917361305,
        "step": 3,
        "subject": 1
      },
      {
        "attempted": 308,
        "clean_pass_rate": 0.7824675324675324,
        "adv_pass_rate": 0.538961038961039,
        "accepted_rate": 0.538961038961039,
        "mean_rel_eog": 0.07364114781930334,
        "mean_rel_eeg": 0.07183634365598361,
        "mean_feature_shift": 30.292403084891184,
        "step": 4,
        "subject": 27
      },
      {
        "attempted": 308,
        "clean_pass_rate": 0.5194805194805194,
        "adv_pass_rate": 0.6363636363636364,
        "accepted_rate": 0.6363636363636364,
        "mean_rel_eog": 0.08882432909948486,
        "mean_rel_eeg": 0.08018843581279118,
        "mean_feature_shift": 34.86661520458403,
        "step": 5,
        "subject": 60
      },
      {
        "attempted": 294,
        "clean_pass_rate": 0.07482993197278912,
        "adv_pass_rate": 0.006802721088435374,
        "accepted_rate": 0.006802721088435374,
        "mean_rel_eog": 0.0011585596061888196,
        "mean_rel_eeg": 0.001226533204317093,
        "mean_feature_shift": 0.26456587655203684,
        "step": 6,
        "subject": 5
      },
      {
        "attempted": 308,
        "clean_pass_rate": 0.5811688311688312,
        "adv_pass_rate": 0.6363636363636364,
        "accepted_rate": 0.6363636363636364,
        "mean_rel_eog": 0.08659105783417112,
        "mean_rel_eeg": 0.07467577588700113,
        "mean_feature_shift": 34.87149901617141,
        "step": 7,
        "subject": 52
      },
      {
        "attempted": 273,
        "clean_pass_rate": 0.46886446886446886,
        "adv_pass_rate": 0.6043956043956044,