{
  "performance": {
    "stability": {
      "ACC": [
        0.7024550898203593,
        0.707245508982036,
        0.7095209580838323,
        0.6261676646706587,
        0.6595808383233533,
        0.7264670658682635,
        0.6867065868263473,
        0.7206586826347305,
        0.7168862275449102,
        0.7103592814371258,
        0.6697005988023952
      ],
      "MF1": [
        0.6880332943309935,
        0.6886741235609346,
        0.6892954040891663,
        0.5837889902726748,
        0.6139002007282406,
        0.7031250863444422,
        0.6520792540866455,
        0.7093091695756484,
        0.7025593904372573,
        0.6918721933081995,
        0.6246724377627685
      ],
      "AAA": [
        0.7024550898203593,
        0.7048502994011976,
        0.7064071856287425,
        0.6863473053892215,
        0.6809940119760479,
        0.6885728542914172,
        0.6883062446535501,
        0.6923502994011976,
        0.6950765136393878,
        0.6966047904191617,
        0.6941589548176373
      ],
      "AAF1": [
        0.6880332943309935,
        0.688353708945964,
        0.6886676073270315,
        0.6624479530634423,
        0.652738402596402,
        0.6611361832210754,
        0.659842336201871,
        0.6660256903735933,
        0.670084990380667,
        0.6722637106734204,
        0.6679372313179065
      ],
      "FR": [
        0.0,
        0.006819537976302127,
        0.010058818515045522,
        0.10860114227261111,
        0.061034864887903814,
        0.03418293410621427,
        0.02241923109709318,
        0.02591424430994796,
        0.02054385815361002,
        0.011252237660898487,
        0.04662859091296572
      ]
    },
    "plasticity": {
      "64": {
        "ACC": [
          0.7290697674418605,
          0.7290697674418605,
          0.7232558139534884
        ],
        "MF1": [
          0.7631163096154122,
          0.7631163096154122,
          0.7473180502682188
        ]
      },
      "89": {
        "ACC": [
          0.801,
          0.729,
          0.72
        ],
        "MF1": [
          0.7326458009878241,
          0.6719700005334197,
          0.6560402459239822
        ]
      },
      "1": {
        "ACC": [
          0.2,
          0.24069767441860465,
          0.22325581395348837
        ],
        "MF1": [
          0.09178451178451179,
          0.15973471549157084,
          0.13111783556397766
        ]
      },
      "27": {
        "ACC": [
          0.7170454545454545,
          0.6329545454545454,
          0.6375
        ],
        "MF1": [
          0.6478294628169081,
          0.5404493840337936,
          0.5471920676377862
        ]
      },
      "60": {
        "ACC": [
          0.7068181818181818,
          0.6659090909090909,
          0.6943181818181818
        ],
        "MF1": [
          0.6198544430288646,
          0.5779376273803569,
          0.6164509614970977
        ]
      },
      "5": {
        "ACC": [
          0.3107142857142857,
          0.4392857142857143,
          0.18452380952380953
        ],
        "MF1": [
          0.11302397770724026,
          0.28635497472706783,
          0.06991217505512697
        ]
      },
      "52": {
        "ACC": [
          0.7977272727272727,
          0.7647727272727273,
          0.8238636363636364
        ],
        "MF1": [
          0.7618650459366945,
          0.7164643216389688,
          0.784717510592648
        ]
      },
      "42": {
        "ACC": [
          0.7897435897435897,
          0.8076923076923077,
          0.7923076923076923
        ],
        "MF1": [
          0.5786981067581205,
          0.6511459442577792,
          0.67682569648019
        ]
      },
      "80": {
        "ACC": [
          0.6744186046511628,
          0.6662790697674419,
          0.6953488372093023
        ],
        "MF1": [
          0.6381494707872878,
          0.5747945354774033,
          0.6345932757777549
        ]
      },
      "26": {
        "ACC": [
          0.19326923076923078,
          0.1971153846153846,
          0.29134615384615387
        ],
        "MF1": [
          0.07782986135697392,
          0.09065126485322735,
          0.09024571854058079
        ]
      }
    },
    "buffer": [
      {
        "step": 1,
        "subject": 64,
        "added": 24,
        "length": 1054
      },
      {
        "step": 2,
        "subject": 89,
        "added": 30,
        "length": 1084
      },
      {
        "step": 3,
        "subject": 1,
        "added": 15,
        "length": 1099
      },
      {
        "step": 4,
        "subject": 27,
        "added": 34,
        "length": 1133
      },
      {
        "step": 5,
        "subject": 60,
        "added": 32,
        "length": 1165
      },
      {
        "step": 6,
        "subject": 5,
        "added": 25,
        "length": 1190
      },
      {
        "step": 7,
        "subject": 52,
        "added": 27,
        "length": 1217
      },
      {
        "step": 8,
        "subject": 42,
        "added": 23,
        "length": 1240
      },
      {
        "step": 9,
        "subject": 80,
        "added": 30,
        "length": 1270
      },
      {
        "step": 10,
        "subject": 26,
        "added": 47,
        "length": 1317
      }
    ],
    "attack_diagnostics": [
      {
        "attempted": 258,
        "clean_pass_rate": 0.4573643410852713,
        "adv_pass_rate": 0.2713178294573643,
        "accepted_rate": 0.16279069767441862,
        "mean_rel_eog": 0.003794599861268782,
        "mean_rel_eeg": 0.0036621951601571506,
        "mean_feature_shift": 9.99096675713857,
        "step": 1,
        "subject": 64
      },
      {
        "attempted": 300,
        "clean_pass_rate": 0.5533333333333333,
        "adv_pass_rate": 0.6566666666666666,
        "accepted_rate": 0.4,
        "mean_rel_eog": 0.009386629778115699,
        "mean_rel_eeg": 0.010265701780250916,
        "mean_feature_shift": 19.32852300008138,
        "step": 2,
        "subject": 89
      },
      {
        "attempted": 258,
        "clean_pass_rate": 0.0,
        "adv_pass_rate": 0.0,
        "accepted_rate": 0.0,
        "mean_rel_eog": 0.0,
        "mean_rel_eeg": 0.0,
        "mean_feature_shift": 0.0,
        "step": 3,
        "subject": 1
      },
      {
        "attempted": 264,
        "clean_pass_rate": 0.6931818181818182,
        "adv_pass_rate": 0.5151515151515151,
        "accepted_rate": 0.4431818181818182,
        "mean_rel_eog": 0.013984076730493043,
        "mean_rel_eeg": 0.011555785468469063,
        "mean_feature_shift": 13.453174087736341,
        "step": 4,
        "subject": 27
      },
      {
        "attempted": 264,
        "clean_pass_rate": 0.5606060606060606,
        "adv_pass_rate": 0.4659090909090909,
        "accepted_rate": 0.2537878787878788,
        "mean_rel_eog": 0.00994572117148588,
        "mean_rel_eeg": 0.007240066822204325,
        "mean_feature_shift": 16.25192205111186,
        "step": 5,
        "subject": 60
      },
      {
        "attempted": 252,
        "clean_pass_rate": 0.011904761904761904,
        "adv_pass_rate": 0.0,
        "accepted_rate": 0.0,
        "mean_rel_eog": 0.0,
        "mean_rel_eeg": 0.0,
        "mean_feature_shift": 0.0,
        "step": 6,
        "subject": 5
      },
      {
        "attempted": 264,
        "clean_pass_rate": 0.6628787878787878,
        "adv_pass_rate": 0.7007575757575758,
        "accepted_rate": 0.5984848484848485,
        "mean_rel_eog": 0.021306696192671854,
        "mean_rel_eeg": 0.014882079377356503,
        "mean_feature_shift": 22.175280888875324,
        "step": 7,
        "subject": 52
      },
      {
        "attempted": 234,
        "clean_pass_rate": 0.6324786324786325,
        "adv_pass_rate": 0.594017094017094,
        "accepted_rate": 0.44017094017094016,
        "mean_rel_eog": 0.017861063954316907,
        "mean_rel_eeg": 0.016634924130307302,
        "mean_feature_shift": 30.625266604953342,
        "step": 8,