{
  "config": {
    "seed": 4321,
    "data_root": "/home/undefined/Disk/ai-storage/BrainUICL/processed/isruc_group1_npy_float32",
    "input_checkpoint_root": "/home/undefined/Disk/ai-storage/BrainUICL/model_parameter",
    "new_order": [
      64,
      89
    ],
    "max_subjects": 2,
    "ssl_epoch": 1,
    "incremental_epoch": 1,
    "attack_mode": "model_nhe"
  },
  "clean_summary": {
    "initial_acc": 0.7650348837209302,
    "before_acc": 0.7440348837209303,
    "after_acc": 0.729546511627907,
    "initial_mf1": 0.7478810553016182,
    "before_mf1": 0.7327023060009843,
    "after_mf1": 0.7151018663625476
  },
  "attack_summary": {
    "initial_acc": 0.7650348837209302,
    "before_acc": 0.48853488372093024,
    "after_acc": 0.2564767441860465,
    "initial_mf1": 0.7478810553016182,
    "before_mf1": 0.46559103712190514,
    "after_mf1": 0.18352064885018102
  },
  "clean_final": {
    "acc": 0.7155688622754491,
    "mf1": 0.7038879532433076,
    "aaa": 0.7107784431137724,
    "aaf1": 0.6972160519481744,
    "fr": 0.01875532821824384
  },
  "attack_final": {
    "acc": 0.31982035928143715,
    "mf1": 0.27890604301704147,
    "aaa": 0.473253493013972,
    "aaf1": 0.430964902960596,
    "fr": 0.5446717817561807
  }
}