{
  "performance": {
    "stability": {
      "ACC": [
        0.7024550898203593,
        0.6858083832335329,
        0.6520958083832336,
        0.6966467065868264,
        0.6817365269461078,
        0.6680838323353293,
        0.6608982035928144,
        0.6632934131736526,
        0.6980239520958084,
        0.6766467065868264,
        0.6426347305389222
      ],
      "MF1": [
        0.6880332943309935,
        0.6483068138165499,
        0.6267756579135007,
        0.6647399923568107,
        0.6569058218506132,
        0.6328499155121989,
        0.6302626367101443,
        0.629720093697193,
        0.6610937064722459,
        0.6264977897082005,
        0.5885896187274336
      ],
      "AAA": [
        0.7024550898203593,
        0.6941317365269462,
        0.6801197604790419,
        0.684251497005988,
        0.6837485029940119,
        0.681137724550898,
        0.678246364414029,
        0.676377245508982,
        0.6787824351297406,
        0.6785688622754491,
        0.6753021230266739
      ],
      "AAF1": [
        0.6880332943309935,
        0.6681700540737716,
        0.654371922020348,
        0.6569639396044636,
        0.6569523160536935,
        0.6529352492967777,
        0.6496963046415444,
        0.6471992782735005,
        0.6487431036289167,
        0.6465185722368452,
        0.6412523037359895
      ],
      "FR": [
        0.0,
        0.023697894467649937,
        0.0716903929758759,
        0.008268689796266316,
        0.029494501747506688,
        0.0489301849799677,
        0.05915949194442081,
        0.05574972295626982,
        0.0063080726280795195,
        0.03674026084732763,
        0.08515898047907255
      ]
    },
    "plasticity": {
      "64": {
        "ACC": [
          0.7290697674418605,
          0.7290697674418605,
          0.708139534883721
        ],
        "MF1": [
          0.7631163096154122,
          0.7631163096154122,
          0.699829523184391
        ]
      },
      "89": {
        "ACC": [
          0.801,
          0.714,
          0.63
        ],
        "MF1": [
          0.7326458009878241,
          0.6246112679029212,
          0.5520839412515641
        ]
      },
      "1": {
        "ACC": [
          0.2,
          0.24651162790697675,
          0.24186046511627907
        ],
        "MF1": [
          0.09178451178451179,
          0.16130951575342564,
          0.14394323202570625
        ]
      },
      "27": {
        "ACC": [
          0.7170454545454545,
          0.7784090909090909,
          0.8386363636363636
        ],
        "MF1": [
          0.6478294628169081,
          0.7061720526919211,
          0.7532361374729782
        ]
      },
      "60": {
        "ACC": [
          0.7068181818181818,
          0.5204545454545455,
          0.4772727272727273
        ],
        "MF1": [
          0.6198544430288646,
          0.43769929481555925,
          0.39729165290460156
        ]
      },
      "5": {
        "ACC": [
          0.3107142857142857,
          0.35595238095238096,
          0.3630952380952381
        ],
        "MF1": [
          0.11302397770724026,
          0.15969824599225727,
          0.1976554548987673
        ]
      },
      "52": {
        "ACC": [
          0.7977272727272727,
          0.7738636363636363,
          0.7761363636363636
        ],
        "MF1": [
          0.7618650459366945,
          0.6928574931915598,
          0.687840390559243
        ]
      },
      "42": {
        "ACC": [
          0.7897435897435897,
          0.7551282051282051,
          0.6576923076923077
        ],
        "MF1": [
          0.5786981067581205,
          0.6332738342330879,
          0.4092863133519765
        ]
      },
      "80": {
        "ACC": [
          0.6744186046511628,
          0.7023255813953488,
          0.6372093023255814
        ],
        "MF1": [
          0.6381494707872878,
          0.6923302663537779,
          0.5713302758910362
        ]
      },
      "26": {
        "ACC": [
          0.19326923076923078,
          0.29134615384615387,
          0.29423076923076924
        ],
        "MF1": [
          0.07782986135697392,
          0.09024571854058079,
          0.10067361636868363
        ]
      }
    },
    "buffer": [
      {
        "step": 1,
        "subject": 64,
        "added": 1,
        "length": 1031
      },
      {
        "step": 2,
        "subject": 89,
        "added": 2,
        "length": 1033
      },
      {
        "step": 3,
        "subject": 1,
        "added": 0,
        "length": 1033
      },
      {
        "step": 4,
        "subject": 27,
        "added": 0,
        "length": 1033
      },
      {
        "step": 5,
        "subject": 60,
        "added": 0,
        "length": 1033
      },
      {
        "step": 6,
        "subject": 5,
        "added": 0,
        "length": 1033
      },
      {
        "step": 7,
        "subject": 52,
        "added": 0,
        "length": 1033
      },
      {
        "step": 8,
        "subject": 42,
        "added": 0,
        "length": 1033
      },
      {
        "step": 9,
        "subject": 80,
        "added": 0,
        "length": 1033
      },
      {
        "step": 10,
        "subject": 26,
        "added": 0,
        "length": 1033
      }
    ],
    "attack_diagnostics": [],
    "order": [
      64,
      89,
      1,
      27,
      60,
      5,
      52,
      42,
      80,
      26
    ],
    "attack_mode": "pgd_nhe"
  },
  "summary": {
    "initial_acc": 0.591980638741104,
    "before_acc": 0.5867060989398198,
    "after_acc": 0.5624273071889351,
    "initial_mf1": 0.5024796990779837,
    "before_mf1": 0.4961313999090503,
    "after_mf1": 0.4513170537908947
  }
}