{
  "performance": {
    "stability": {
      "ACC": [
        0.7024550898203593,
        0.7068263473053892,
        0.71,
        0.6265269461077845,
        0.6602395209580838,
        0.7297005988023952,
        0.6874850299401197,
        0.7061077844311378,
        0.7132335329341317,
        0.7121556886227545,
        0.6907185628742515
      ],
      "MF1": [
        0.6880332943309935,
        0.6882323315247058,
        0.6893819104119586,
        0.5841670603050382,
        0.6145553179298144,
        0.7057406168901608,
        0.6527896522516765,
        0.6898734770232913,
        0.6976597218406806,
        0.689818614072524,
        0.660442030091948
      ],
      "AAA": [
        0.7024550898203593,
        0.7046407185628742,
        0.7064271457085828,
        0.6864520958083833,
        0.6812095808383234,
        0.6892914171656687,
        0.6890333618477331,
        0.6911676646706587,
        0.6936194278110447,
        0.6954730538922156,
        0.6950408274360371
      ],
      "AAF1": [
        0.6880332943309935,
        0.6881328129278497,
        0.6885491787558861,
        0.6624536491431741,
        0.6528739829005021,
        0.6616850885654452,
        0.6604143119491924,
        0.664096707583455,
        0.6678259313898134,
        0.6700251996580844,
        0.6691540024247993
      ],
      "FR": [
        0.0,
        0.006222828403375567,
        0.01074077231267572,
        0.10808967692438835,
        0.06009717841616239,
        0.03878612224021822,
        0.021311056175944167,
        0.00519989770693035,
        0.015343960446679667,
        0.013809564402011686,
        0.01670786804194022
      ]
    },
    "plasticity": {
      "64": {
        "ACC": [
          0.7290697674418605,
          0.7290697674418605,
          0.7197674418604652
        ],
        "MF1": [
          0.7631163096154122,
          0.7631163096154122,
          0.7443833137947979
        ]
      },
      "89": {
        "ACC": [
          0.801,
          0.727,
          0.721
        ],
        "MF1": [
          0.7326458009878241,
          0.6703940174341179,
          0.6575955726832495
        ]
      },
      "1": {
        "ACC": [
          0.2,
          0.23488372093023255,
          0.22441860465116278
        ],
        "MF1": [
          0.09178451178451179,
          0.1573287832462036,
          0.13186035698647963
        ]
      },
      "27": {
        "ACC": [
          0.7170454545454545,
          0.6329545454545454,
          0.6397727272727273
        ],
        "MF1": [
          0.6478294628169081,
          0.5404493840337936,
          0.548653883046249
        ]
      },
      "60": {
        "ACC": [
          0.7068181818181818,
          0.6681818181818182,
          0.6954545454545454
        ],
        "MF1": [
          0.6198544430288646,
          0.5797236721921841,
          0.6183005718364081
        ]
      },
      "5": {
        "ACC": [
          0.3107142857142857,
          0.45357142857142857,
          0.18333333333333332
        ],
        "MF1": [
          0.11302397770724026,
          0.2860518559561111,
          0.06952931809550318
        ]
      },
      "52": {
        "ACC": [
          0.7977272727272727,
          0.7681818181818182,
          0.8113636363636364
        ],
        "MF1": [
          0.7618650459366945,
          0.7209379213089542,
          0.7681012057126465
        ]
      },
      "42": {
        "ACC": [
          0.7897435897435897,
          0.7897435897435897,
          0.7794871794871795
        ],
        "MF1": [
          0.5786981067581205,
          0.634367020169372,
          0.6763822003064022
        ]
      },
      "80": {
        "ACC": [
          0.6744186046511628,
          0.6662790697674419,
          0.6988372093023256
        ],
        "MF1": [
          0.6381494707872878,
          0.5682101818548507,
          0.648937945656075
        ]
      },
      "26": {
        "ACC": [
          0.19326923076923078,
          0.19807692307692307,
          0.3778846153846154
        ],
        "MF1": [
          0.07782986135697392,
          0.0916267017880406,
          0.21890743579898198
        ]
      }
    },
    "buffer": [
      {
        "step": 1,
        "subject": 64,
        "added": 24,
        "length": 1054
      },
      {
        "step": 2,
        "subject": 89,
        "added": 30,
        "length": 1084
      },
      {
        "step": 3,
        "subject": 1,
        "added": 15,
        "length": 1099
      },
      {
        "step": 4,
        "subject": 27,
        "added": 34,
        "length": 1133
      },
      {
        "step": 5,
        "subject": 60,
        "added": 32,
        "length": 1165
      },
      {
        "step": 6,
        "subject": 5,
        "added": 26,
        "length": 1191
      },
      {
        "step": 7,
        "subject": 52,
        "added": 23,
        "length": 1214
      },
      {
        "step": 8,
        "subject": 42,
        "added": 21,
        "length": 1235
      },
      {
        "step": 9,
        "subject": 80,
        "added": 31,
        "length": 1266
      },
      {
        "step": 10,
        "subject": 26,
        "added": 0,
        "length": 1266
      }
    ],
    "attack_diagnostics": [
      {
        "attempted": 258,
        "clean_pass_rate": 0.45348837209302323,
        "adv_pass_rate": 0.23255813953488372,
        "accepted_rate": 0.10077519379844961,
        "mean_rel_eog": 0.0014297911968444372,
        "mean_rel_eeg": 0.0015683063021343616,
        "mean_feature_shift": 4.992919590738085,
        "step": 1,
        "subject": 64
      },
      {
        "attempted": 300,
        "clean_pass_rate": 0.5366666666666666,
        "adv_pass_rate": 0.5733333333333334,
        "accepted_rate": 0.36,
        "mean_rel_eog": 0.005765900869543354,
        "mean_rel_eeg": 0.005860136103971551,
        "mean_feature_shift": 9.661214371522268,
        "step": 2,
        "subject": 89
      },
      {
        "attempted": 258,
        "clean_pass_rate": 0.0,
        "adv_pass_rate": 0.0,
        "accepted_rate": 0.0,
        "mean_rel_eog": 0.0,
        "mean_rel_eeg": 0.0,
        "mean_feature_shift": 0.0,
        "step": 3,
        "subject": 1
      },
      {
        "attempted": 264,
        "clean_pass_rate": 0.7159090909090909,
        "adv_pass_rate": 0.6363636363636364,
        "accepted_rate": 0.5681818181818182,
        "mean_rel_eog": 0.0124893169850111,
        "mean_rel_eeg": 0.010253452075024446,
        "mean_feature_shift": 12.817430761125353,
        "step": 4,
        "subject": 27
      },
      {
        "attempted": 264,
        "clean_pass_rate": 0.5946969696969697,
        "adv_pass_rate": 0.3333333333333333,
        "accepted_rate": 0.23863636363636365,
        "mean_rel_eog": 0.0059237291958803935,
        "mean_rel_eeg": 0.004920513433818188,
        "mean_feature_shift": 9.395897467931112,
        "step": 5,
        "subject": 60
      },
      {
        "attempted": 252,
        "clean_pass_rate": 0.011904761904761904,
        "adv_pass_rate": 0.0,
        "accepted_rate": 0.0,
        "mean_rel_eog": 0.0,
        "mean_rel_eeg": 0.0,
        "mean_feature_shift": 0.0,
        "step": 6,
        "subject": 5
      },
      {
        "attempted": 264,
        "clean_pass_rate": 0.6477272727272727,
        "adv_pass_rate": 0.6477272727272727,
        "accepted_rate": 0.5946969696969697,
        "mean_rel_eog": 0.0148528133932915,
        "mean_rel_eeg": 0.010883162677701976,
        "mean_feature_shift": 17.635914431677925,
        "step": 7,
        "subject": 52
      },
      {
        "attempted": 234,
        "clean_pass_rate": 0.39316239316239315,
        "adv_pass_rate": 0.5555555555555556,
        "accepted_rate": 0.2606837606837607,
        "mean_rel_eog": 0.006318358419876959,
        "mean_rel_eeg": 0.006242865580134094,
        "mean_feature_shift": 16.681108951568604,
        "step": 8,