{
  "performance": {
    "stability": {
      "ACC": [
        0.7024550898203593,
        0.7147904191616766,
        0.7133532934131737,
        0.69,
        0.7061077844311378,
        0.7276047904191617,
        0.6855089820359281,
        0.7226347305389221,
        0.712874251497006,
        0.7253892215568862,
        0.6501796407185628
      ],
      "MF1": [
        0.6880332943309935,
        0.7007709212632187,
        0.7018237699812504,
        0.6562137882043387,
        0.6694069345429944,
        0.7115352579729652,
        0.6527359444751142,
        0.7121894050298906,
        0.7010591599886584,
        0.7139316597661948,
        0.6032201245242936
      ],
      "AAA": [
        0.7024550898203593,
        0.708622754491018,
        0.7101996007984033,
        0.7051497005988024,
        0.7053413173652695,
        0.7090518962075848,
        0.7056886227544911,
        0.7078068862275448,
        0.7083699268130405,
        0.7100718562874251,
        0.7046271094175286
      ],
      "AAF1": [
        0.6880332943309935,
        0.6944021077971061,
        0.6968759951918209,
        0.6867104434449504,
        0.6832497416645592,
        0.6879639943826268,
        0.6829314158244106,
        0.6865886644750958,
        0.6881964973099362,
        0.690770013555562,
        0.6828109327345376
      ],
      "FR": [
        0.0,
        0.017560310288977848,
        0.015514448896087257,
        0.017730798738385595,
        0.00519989770693035,
        0.03580257437558605,
        0.02412411559116875,
        0.02872730372517254,
        0.01483249509845706,
        0.032648538061546294,
        0.07441820816639684
      ]
    },
    "plasticity": {
      "64": {
        "ACC": [
          0.7290697674418605,
          0.7290697674418605,
          0.7290697674418605
        ],
        "MF1": [
          0.7631163096154122,
          0.7631163096154122,
          0.7582351174176349
        ]
      },
      "89": {
        "ACC": [
          0.801,
          0.75,
          0.725
        ],
        "MF1": [
          0.7326458009878241,
          0.6881851194666075,
          0.6654215240042954
        ]
      },
      "1": {
        "ACC": [
          0.2,
          0.21976744186046512,
          0.2895348837209302
        ],
        "MF1": [
          0.09178451178451179,
          0.1305743717442591,
          0.17100110761177795
        ]
      },
      "27": {
        "ACC": [
          0.7170454545454545,
          0.7647727272727273,
          0.7659090909090909
        ],
        "MF1": [
          0.6478294628169081,
          0.6871067757274927,
          0.6729989731265009
        ]
      },
      "60": {
        "ACC": [
          0.7068181818181818,
          0.6534090909090909,
          0.6863636363636364
        ],
        "MF1": [
          0.6198544430288646,
          0.5610420888257999,
          0.6134037256135937
        ]
      },
      "5": {
        "ACC": [
          0.3107142857142857,
          0.3773809523809524,
          0.3404761904761905
        ],
        "MF1": [
          0.11302397770724026,
          0.20000481260728434,
          0.20178679838200062
        ]
      },
      "52": {
        "ACC": [
          0.7977272727272727,
          0.7545454545454545,
          0.825
        ],
        "MF1": [
          0.7618650459366945,
          0.7067557617884416,
          0.7874217019828316
        ]
      },
      "42": {
        "ACC": [
          0.7897435897435897,
          0.7974358974358975,
          0.7897435897435897
        ],
        "MF1": [
          0.5786981067581205,
          0.6336490837166172,
          0.6529319486238088
        ]
      },
      "80": {
        "ACC": [
          0.6744186046511628,
          0.6755813953488372,
          0.7093023255813954
        ],
        "MF1": [
          0.6381494707872878,
          0.5924299336620404,
          0.6615144532132788
        ]
      },
      "26": {
        "ACC": [
          0.19326923076923078,
          0.19807692307692307,
          0.29134615384615387
        ],
        "MF1": [
          0.07782986135697392,
          0.09124233967661866,
          0.09024571854058079
        ]
      }
    },
    "buffer": [
      {
        "step": 1,
        "subject": 64,
        "added": 24,
        "length": 1054
      },
      {
        "step": 2,
        "subject": 89,
        "added": 31,
        "length": 1085
      },
      {
        "step": 3,
        "subject": 1,
        "added": 4,
        "length": 1089
      },
      {
        "step": 4,
        "subject": 27,
        "added": 37,
        "length": 1126
      },
      {
        "step": 5,
        "subject": 60,
        "added": 29,
        "length": 1155
      },
      {
        "step": 6,
        "subject": 5,
        "added": 1,
        "length": 1156
      },
      {
        "step": 7,
        "subject": 52,
        "added": 30,
        "length": 1186
      },
      {
        "step": 8,
        "subject": 42,
        "added": 28,
        "length": 1214
      },
      {
        "step": 9,
        "subject": 80,
        "added": 30,
        "length": 1244
      },
      {
        "step": 10,
        "subject": 26,
        "added": 27,
        "length": 1271
      }
    ],
    "attack_diagnostics": [],
    "order": [
      64,
      89,
      1,
      27,
      60,
      5,
      52,
      42,
      80,
      26
    ],
    "attack_mode": "none"
  },
  "summary": {
    "initial_acc": 0.591980638741104,
    "before_acc": 0.5920039650272209,
    "after_acc": 0.6151745638082847,
    "initial_mf1": 0.5024796990779837,
    "before_mf1": 0.5054106596830572,
    "after_mf1": 0.5274961068516304
  }
}