{
  "config": {
    "clean_run_dir": "experiments/rttdp_brainuicl_runs/probe10_stealth_loss_ascent_strong",
    "attack_run_dir": "experiments/rttdp_brainuicl_runs/probe10_stealth_loss_ascent_strong",
    "attack_variant": "attack_stealth_loss_drift",
    "seed": 4321,
    "device": "cuda:0",
    "final_step": 10
  },
  "clean_summary": {
    "initial_acc": 0.591980638741104,
    "before_acc": 0.5920039650272209,
    "after_acc": 0.6151745638082847,
    "initial_mf1": 0.5024796990779837,
    "before_mf1": 0.5054106596830572,
    "after_mf1": 0.5274961068516304
  },
  "attack_summary": {
    "initial_acc": 0.591980638741104,
    "before_acc": 0.6000325809849065,
    "after_acc": 0.635186300908394,
    "initial_mf1": 0.5024796990779837,
    "before_mf1": 0.5169847391176059,
    "after_mf1": 0.5469241098848173
  },
  "clean_final": {
    "acc": 0.6501796407185628,
    "mf1": 0.6032201245242936,
    "aaa": 0.7046271094175286,
    "aaf1": 0.6828109327345376,
    "fr": 0.07441820816639684
  },
  "attack_final": {
    "acc": 0.6855688622754491,
    "mf1": 0.6557139520592558,
    "aaa": 0.7094229722373435,
    "aaf1": 0.688133114874232,
    "fr": 0.024038871366464955
  },
  "final_delta_attack_minus_clean": {
    "acc": 0.035389221556886286,
    "mf1": 0.05249382753496212,
    "aaa": 0.004795862819814922,
    "aaf1": 0.005322182139694376,
    "fr": -0.05037933679993188
  },
  "clean_low_point": {
    "min_acc": 0.6501796407185628,
    "min_acc_step": 10,
    "min_mf1": 0.6032201245242936,
    "min_mf1_step": 10
  },
  "attack_low_point": {
    "min_acc": 0.6855688622754491,
    "min_acc_step": 10,
    "min_mf1": 0.6557139520592558,
    "min_mf1_step": 10
  },
  "clean_buffer": {
    "final_length": 1271,
    "total_added": 241,
    "total_biased": 0,
    "mean_added": 24.1
  },
  "attack_buffer": {
    "final_length": 1234,
    "total_added": 204,
    "total_biased": 62,
    "mean_added": 20.4
  },
  "attack_diagnostics": {
    "clean_pass_rate": {
      "mean": 0.4437517753564265,
      "min": 0.0,
      "max": 0.8484848484848485
    },
    "adv_pass_rate": {
      "mean": 0.6072303536257025,
      "min": 0.0,
      "max": 0.9431818181818182
    },
    "accepted_rate": {
      "mean": 0.6072303536257025,
      "min": 0.0,
      "max": 0.9431818181818182
    },
    "mean_rel_eog": {
      "mean": 0.01906813613863455,
      "min": 0.0,
      "max": 0.031924740307860903
    },
    "mean_rel_eeg": {
      "mean": 0.016505637917564146,
      "min": 0.0,
      "max": 0.03017989204575618
    },
    "mean_feature_shift": {
      "mean": 25.981040186352196,
      "min": 0.0,
      "max": 47.82054773966471
    }
  },
  "final_checkpoint_eval": {
    "old_generalization": {
      "subjects": [
        6,
        14,
        32,
        39,
        43,
        44,
        51,
        56,
        59,
        62,
        67,
        68,
        72,
        73,
        75,
        88,
        90,
        92,
        100
      ],
      "clean": {
        "acc": 0.6501796407185628,
        "mf1": 0.6032201245242936,
        "n_epochs": 16700
      },
      "attack": {
        "acc": 0.6855688622754491,
        "mf1": 0.6557139520592558,
        "n_epochs": 16700
      },
      "delta_attack_minus_clean": {
        "acc": 0.035389221556886286,
        "mf1": 0.05249382753496212
      }
    },
    "new_order_all": {
      "subjects": [
        64,
        89,
        1,
        27,
        60,
        5,
        52,
        42,
        80,
        26
      ],
      "clean": {
        "acc": 0.5254504504504505,
        "mf1": 0.48235042273018375,
        "n_epochs": 8880
      },
      "attack": {
        "acc": 0.5791666666666667,
        "mf1": 0.5431003677554604,
        "n_epochs": 8880
      },
      "delta_attack_minus_clean": {
        "acc": 0.05371621621621625,
        "mf1": 0.0607499450252767
      }
    },
    "source_train": {
      "subjects": [
        7,
        16,
        18,
        23,
        24,
        28,
        30,
        34,
        35,
        37,
        38,
        41,
        45,
        48,
        50,
        53,
        69,
        71,
        74,
        78,
        79,
        82,
        93,
        94
      ],
      "clean": {
        "acc": 0.6644174757281553,
        "mf1": 0.6357424870388682,
        "n_epochs": 20600
      },
      "attack": {
        "acc": 0.704611650485437,
        "mf1": 0.6874032712387954,
        "n_epochs": 20600
      },
      "delta_attack_minus_clean": {
        "acc": 0.0401941747572816,
        "mf1": 0.05166078419992726
      }
    },
    "validation": {
      "subjects": [
        12,
        21,
        29,
        58,
        76,
        77
      ],
      "clean": {
        "acc": 0.6003802281368821,
        "mf1": 0.5567006750364314,
        "n_epochs": 5260
      },
      "attack": {
        "acc": 0.6374524714828897,
        "mf1": 0.610568602642321,
        "n_epochs": 5260
      },
      "delta_attack_minus_clean": {
        "acc": 0.03707224334600767,
        "mf1": 0.053867927605889654
      }
    }
  }
}