{
  "config": {
    "seed": 4321,
    "data_root": "/home/undefined/Disk/ai-storage/BrainUICL/processed/isruc_group1_npy_float32",
    "input_checkpoint_root": "/home/undefined/Disk/ai-storage/BrainUICL/model_parameter",
    "new_order": [
      64,
      89,
      1,
      27,
      60,
      5,
      52,
      42,
      80,
      26
    ],
    "max_subjects": 10,
    "ssl_epoch": 10,
    "incremental_epoch": 10,
    "attack_mode": "proxy_meta_conflict"
  },
  "clean_summary": {
    "initial_acc": 0.591980638741104,
    "before_acc": 0.581959897854084,
    "after_acc": 0.6046934042701485,
    "initial_mf1": 0.5024796990779837,
    "before_mf1": 0.4986580148908654,
    "after_mf1": 0.5400900272481068
  },
  "attack_summary": {
    "initial_acc": 0.591980638741104,
    "before_acc": 0.46975156432714565,
    "after_acc": 0.4062680277087254,
    "initial_mf1": 0.5024796990779837,
    "before_mf1": 0.39092288507664474,
    "after_mf1": 0.3183387623523038
  },
  "clean_final": {
    "acc": 0.677245508982036,
    "mf1": 0.6395579563656902,
    "aaa": 0.7031518780620577,
    "aaf1": 0.684360408466239,
    "fr": 0.03588781860028985
  },
  "attack_final": {
    "acc": 0.6487425149700599,
    "mf1": 0.610642099041151,
    "aaa": 0.5816004354926511,
    "aaf1": 0.5313993114053414,
    "fr": 0.07646406955928743
  }
}