{
  "performance": {
    "stability": {
      "ACC": [
        0.7024550898203593,
        0.717185628742515,
        0.7215568862275449,
        0.7152095808383233,
        0.6946706586826348,
        0.7274251497005988,
        0.7075449101796407,
        0.7194610778443113,
        0.7050299401197605,
        0.7241317365269461,
        0.6683832335329342
      ],
      "MF1": [
        0.6880332943309935,
        0.6984322763648613,
        0.706167622963806,
        0.6867645712005006,
        0.6566576332843629,
        0.7119702805474082,
        0.6735241277129483,
        0.703674513050599,
        0.6887811849269172,
        0.710890088357711,
        0.636436276106911
      ],
      "AAA": [
        0.7024550898203593,
        0.7098203592814372,
        0.7137325349301397,
        0.7141017964071856,
        0.7102155688622755,
        0.7130838323353293,
        0.7122925577416596,
        0.713188622754491,
        0.7122821024617432,
        0.7134670658682635,
        0.7093685356559608
      ],
      "AAF1": [
        0.6880332943309935,
        0.6932327853479274,
        0.6975443978865536,
        0.6948494412150403,
        0.6872110796289048,
        0.691337613115322,
        0.6887928294864115,
        0.690653039931935,
        0.6904450560424886,
        0.6924895592740109,
        0.68739380625882
      ],
      "FR": [
        0.0,
        0.02097007927712899,
        0.027192907680504558,
        0.01815701986190425,
        0.011081749211490898,
        0.035546841701474666,
        0.0072457590998209415,
        0.024209359815872387,
        0.0036655016622623676,
        0.030858409342766926,
        0.04850396385644872
      ]
    },
    "plasticity": {
      "64": {
        "ACC": [
          0.7290697674418605,
          0.7290697674418605,
          0.7418604651162791
        ],
        "MF1": [
          0.7631163096154122,
          0.7631163096154122,
          0.7646096360720918
        ]
      },
      "89": {
        "ACC": [
          0.801,
          0.746,
          0.765
        ],
        "MF1": [
          0.7326458009878241,
          0.6797415392120865,
          0.70095982011804
        ]
      },
      "1": {
        "ACC": [
          0.2,
          0.24651162790697675,
          0.24302325581395348
        ],
        "MF1": [
          0.09178451178451179,
          0.1508680558696624,
          0.15177091172086382
        ]
      },
      "27": {
        "ACC": [
          0.7170454545454545,
          0.7840909090909091,
          0.6795454545454546
        ],
        "MF1": [
          0.6478294628169081,
          0.7073039132597558,
          0.5986363112552556
        ]
      },
      "60": {
        "ACC": [
          0.7068181818181818,
          0.6875,
          0.7170454545454545
        ],
        "MF1": [
          0.6198544430288646,
          0.6030076067077408,
          0.6473067423744093
        ]
      },
      "5": {
        "ACC": [
          0.3107142857142857,
          0.37857142857142856,
          0.45714285714285713
        ],
        "MF1": [
          0.11302397770724026,
          0.23403411391481618,
          0.24249516595864437
        ]
      },
      "52": {
        "ACC": [
          0.7977272727272727,
          0.7829545454545455,
          0.8136363636363636
        ],
        "MF1": [
          0.7618650459366945,
          0.7450162760093593,
          0.7830932503324358
        ]
      },
      "42": {
        "ACC": [
          0.7897435897435897,
          0.7961538461538461,
          0.8128205128205128
        ],
        "MF1": [
          0.5786981067581205,
          0.619809747335405,
          0.6658930310978709
        ]
      },
      "80": {
        "ACC": [
          0.6744186046511628,
          0.6581395348837209,
          0.7197674418604652
        ],
        "MF1": [
          0.6381494707872878,
          0.5873483639268798,
          0.6743985221802166
        ]
      },
      "26": {
        "ACC": [
          0.19326923076923078,
          0.19807692307692307,
          0.39903846153846156
        ],
        "MF1": [
          0.07782986135697392,
          0.09167305866363823,
          0.21934684768458249
        ]
      }
    },
    "buffer": [
      {
        "step": 1,
        "subject": 64,
        "added": 21,
        "length": 1051,
        "biased": 8
      },
      {
        "step": 2,
        "subject": 89,
        "added": 34,
        "length": 1085,
        "biased": 6
      },
      {
        "step": 3,
        "subject": 1,
        "added": 0,
        "length": 1085
      },
      {
        "step": 4,
        "subject": 27,
        "added": 33,
        "length": 1118,
        "biased": 11
      },
      {
        "step": 5,
        "subject": 60,
        "added": 32,
        "length": 1150,
        "biased": 11
      },
      {
        "step": 6,
        "subject": 5,
        "added": 0,
        "length": 1150
      },
      {
        "step": 7,
        "subject": 52,
        "added": 29,
        "length": 1179,
        "biased": 7
      },
      {
        "step": 8,
        "subject": 42,
        "added": 25,
        "length": 1204,
        "biased": 11
      },
      {
        "step": 9,
        "subject": 80,
        "added": 30,
        "length": 1234,
        "biased": 8
      },
      {
        "step": 10,
        "subject": 26,
        "added": 0,
        "length": 1234
      }
    ],
    "attack_diagnostics": [
      {
        "attempted": 258,
        "clean_pass_rate": 0.437984496124031,
        "adv_pass_rate": 0.9418604651162791,
        "accepted_rate": 0.9418604651162791,
        "mean_rel_eog": 0.02479018136445019,
        "mean_rel_eeg": 0.024242503982451227,
        "mean_feature_shift": 47.710570441352,
        "step": 1,
        "subject": 64
      },
      {
        "attempted": 300,
        "clean_pass_rate": 0.62,
        "adv_pass_rate": 0.8466666666666667,
        "accepted_rate": 0.8466666666666667,
        "mean_rel_eog": 0.025501910829916596,
        "mean_rel_eeg": 0.02292981413969149,
        "mean_feature_shift": 42.27738491694132,
        "step": 2,
        "subject": 89
      },
      {
        "attempted": 258,
        "clean_pass_rate": 0.0,
        "adv_pass_rate": 0.0,
        "accepted_rate": 0.0,
        "mean_rel_eog": 0.0,
        "mean_rel_eeg": 0.0,
        "mean_feature_shift": 0.0,
        "step": 3,
        "subject": 1
      },
      {
        "attempted": 264,
        "clean_pass_rate": 0.8484848484848485,
        "adv_pass_rate": 0.7878787878787878,
        "accepted_rate": 0.7878787878787878,
        "mean_rel_eog": 0.02585710429896911,
        "mean_rel_eeg": 0.02200565052529176,
        "mean_feature_shift": 29.663633505503338,
        "step": 4,
        "subject": 27
      },
      {
        "attempted": 264,
        "clean_pass_rate": 0.6363636363636364,
        "adv_pass_rate": 0.8825757575757576,
        "accepted_rate": 0.8825757575757576,
        "mean_rel_eog": 0.028511993690497346,
        "mean_rel_eeg": 0.02156846835795376,
        "mean_feature_shift": 33.133496814303925,
        "step": 5,
        "subject": 60
      },
      {
        "attempted": 252,
        "clean_pass_rate": 0.0,
        "adv_pass_rate": 0.0,
        "accepted_rate": 0.0,
        "mean_rel_eog": 0.0,
        "mean_rel_eeg": 0.0,
        "mean_feature_shift": 0.0,
        "step": 6,
        "subject": 5
      },
      {
        "attempted": 264,
        "clean_pass_rate": 0.696969696969697,
        "adv_pass_rate": 0.9583333333333334,
        "accepted_rate": 0.9583333333333334,
        "mean_rel_eog": 0.03257991001009941,
        "mean_rel_eeg": 0.02556466404348612,
        "mean_feature_shift": 39.30727767944336,
        "step": 7,
        "subject": 52
      },
      {
        "attempted": 234,
        "clean_pass_rate": 0.6324786324786325,
        "adv_pass_rate": 0.9188034188034188,
        "accepted_rate": 0.9188034188034188,
        "mean_rel_eog": 0.03520786286228233,