{
  "performance": {
    "stability": {
      "ACC": [
        0.7024550898203593,
        0.7050898203592815,
        0.7011976047904191,
        0.6408982035928144,
        0.7161077844311378,
        0.7303592814371257,
        0.6824550898203593,
        0.7194011976047904,
        0.7289221556886227,
        0.7246706586826347,
        0.694191616766467
      ],
      "MF1": [
        0.6880332943309935,
        0.6865007420007397,
        0.6876214327903689,
        0.5984459757869928,
        0.6840513599570193,
        0.7128010624702934,
        0.6522308874871631,
        0.7075624514406526,
        0.7178280941400235,
        0.7141760420340268,
        0.6591484760975259
      ],
      "AAA": [
        0.7024550898203593,
        0.7037724550898203,
        0.7029141716566866,
        0.6874101796407186,
        0.6931497005988024,
        0.6993512974051898,
        0.6969375534644996,
        0.6997455089820359,
        0.7029873586161011,
        0.7051556886227545,
        0.7041589548176375
      ],
      "AAF1": [
        0.6880332943309935,
        0.6872670181658667,
        0.6873851563740341,
        0.6651503612272738,
        0.6689305609732228,
        0.6762423112227346,
        0.6728121078319387,
        0.6771559007830279,
        0.6816750333782496,
        0.6849251342438274,
        0.6825818016850728
      ],
      "FR": [
        0.0,
        0.003750745886966162,
        0.0017901287187793657,
        0.08763106299548212,
        0.019435683232461008,
        0.03972380871195964,
        0.028471571051061316,
        0.02412411559116859,
        0.03767794731906905,
        0.031625607365100915,
        0.011763703009121253
      ]
    },
    "plasticity": {
      "64": {
        "ACC": [
          0.7290697674418605,
          0.7290697674418605,
          0.7313953488372092
        ],
        "MF1": [
          0.7631163096154122,
          0.7631163096154122,
          0.7539829647950045
        ]
      },
      "89": {
        "ACC": [
          0.801,
          0.724,
          0.688
        ],
        "MF1": [
          0.7326458009878241,
          0.6652322379246053,
          0.6323995122816115
        ]
      },
      "1": {
        "ACC": [
          0.2,
          0.22325581395348837,
          0.2558139534883721
        ],
        "MF1": [
          0.09178451178451179,
          0.13279116311609107,
          0.15469702251126227
        ]
      },
      "27": {
        "ACC": [
          0.7170454545454545,
          0.6602272727272728,
          0.740909090909091
        ],
        "MF1": [
          0.6478294628169081,
          0.5849835916443508,
          0.6785524506503551
        ]
      },
      "60": {
        "ACC": [
          0.7068181818181818,
          0.6704545454545454,
          0.6863636363636364
        ],
        "MF1": [
          0.6198544430288646,
          0.5808467349470627,
          0.6105526881677751
        ]
      },
      "5": {
        "ACC": [
          0.3107142857142857,
          0.39166666666666666,
          0.3488095238095238
        ],
        "MF1": [
          0.11302397770724026,
          0.20924713563683234,
          0.2034962105343337
        ]
      },
      "52": {
        "ACC": [
          0.7977272727272727,
          0.7636363636363637,
          0.8420454545454545
        ],
        "MF1": [
          0.7618650459366945,
          0.7261051076710723,
          0.7998113784149616
        ]
      },
      "42": {
        "ACC": [
          0.7897435897435897,
          0.8051282051282052,
          0.8025641025641026
        ],
        "MF1": [
          0.5786981067581205,
          0.6579289974495254,
          0.6822383265601465
        ]
      },
      "80": {
        "ACC": [
          0.6744186046511628,
          0.6976744186046512,
          0.7220930232558139
        ],
        "MF1": [
          0.6381494707872878,
          0.627003613171817,
          0.6860790523392379
        ]
      },
      "26": {
        "ACC": [
          0.19326923076923078,
          0.19807692307692307,
          0.32019230769230766
        ],
        "MF1": [
          0.07782986135697392,
          0.09247140316390527,
          0.13955548476645238
        ]
      }
    },
    "buffer": [
      {
        "step": 1,
        "subject": 64,
        "added": 22,
        "length": 1052
      },
      {
        "step": 2,
        "subject": 89,
        "added": 27,
        "length": 1079
      },
      {
        "step": 3,
        "subject": 1,
        "added": 21,
        "length": 1100
      },
      {
        "step": 4,
        "subject": 27,
        "added": 35,
        "length": 1135
      },
      {
        "step": 5,
        "subject": 60,
        "added": 28,
        "length": 1163
      },
      {
        "step": 6,
        "subject": 5,
        "added": 4,
        "length": 1167
      },
      {
        "step": 7,
        "subject": 52,
        "added": 27,
        "length": 1194
      },
      {
        "step": 8,
        "subject": 42,
        "added": 28,
        "length": 1222
      },
      {
        "step": 9,
        "subject": 80,
        "added": 29,
        "length": 1251
      },
      {
        "step": 10,
        "subject": 26,
        "added": 15,
        "length": 1266
      }
    ],
    "attack_diagnostics": [
      {
        "attempted": 258,
        "clean_pass_rate": 0.4496124031007752,
        "adv_pass_rate": 0.8565891472868217,
        "accepted_rate": 0.34108527131782945,
        "mean_rel_eog": 0.006348614968980352,
        "mean_rel_eeg": 0.005916024532376064,
        "mean_feature_shift": 10.786412689420912,
        "step": 1,
        "subject": 64
      },
      {
        "attempted": 300,
        "clean_pass_rate": 0.6033333333333334,
        "adv_pass_rate": 0.8133333333333334,
        "accepted_rate": 0.43666666666666665,
        "mean_rel_eog": 0.007747382061400761,
        "mean_rel_eeg": 0.006460469002680232,
        "mean_feature_shift": 14.637262006600698,
        "step": 2,
        "subject": 89
      },
      {
        "attempted": 258,
        "clean_pass_rate": 0.0,
        "adv_pass_rate": 0.0,
        "accepted_rate": 0.0,
        "mean_rel_eog": 0.0,
        "mean_rel_eeg": 0.0,
        "mean_feature_shift": 0.0,
        "step": 3,
        "subject": 1
      },
      {
        "attempted": 264,
        "clean_pass_rate": 0.7386363636363636,
        "adv_pass_rate": 0.7045454545454546,
        "accepted_rate": 0.5984848484848485,
        "mean_rel_eog": 0.012970304737488428,
        "mean_rel_eeg": 0.010353939193818305,
        "mean_feature_shift": 10.632908874087864,
        "step": 4,
        "subject": 27
      },
      {
        "attempted": 264,
        "clean_pass_rate": 0.5681818181818182,
        "adv_pass_rate": 0.9128787878787878,
        "accepted_rate": 0.5113636363636364,
        "mean_rel_eog": 0.012804280086937878,
        "mean_rel_eeg": 0.009626098132381836,
        "mean_feature_shift": 20.46200884713067,
        "step": 5,
        "subject": 60
      },
      {
        "attempted": 252,
        "clean_pass_rate": 0.0,
        "adv_pass_rate": 0.0,
        "accepted_rate": 0.0,
        "mean_rel_eog": 0.0,
        "mean_rel_eeg": 0.0,
        "mean_feature_shift": 0.0,
        "step": 6,
        "subject": 5
      },
      {
        "attempted": 264,
        "clean_pass_rate": 0.6818181818181818,
        "adv_pass_rate": 0.8636363636363636,
        "accepted_rate": 0.6287878787878788,
        "mean_rel_eog": 0.015872987142453592,
        "mean_rel_eeg": 0.01138892350718379,
        "mean_feature_shift": 15.03355532222324,
        "step": 7,
        "subject": 52
      },
      {
        "attempted": 234,
        "clean_pass_rate": 0.6111111111111112,
        "adv_pass_rate": 0.8547008547008547,
        "accepted_rate": 0.5128205128205128,
        "mean_rel_eog": 0.013076165975588892,
        "mean_rel_eeg": 0.012760621883595983,
        "mean_feature_shift": 29.6713449160258,
        "step": 8,