{
  "performance": {
    "stability": {
      "ACC": [
        0.7023952095808383,
        0.6765868263473054
      ],
      "MF1": [
        0.6879558256933758,
        0.6489176757760878
      ],
      "AAA": [
        0.7023952095808383,
        0.6894910179640719
      ],
      "AAF1": [
        0.6879558256933758,
        0.6684367507347317
      ],
      "FR": [
        0.0,
        0.0367433930093777
      ]
    },
    "plasticity": {
      "64": {
        "ACC": [
          0.7290697674418605,
          0.7290697674418605,
          0.6895348837209302
        ],
        "MF1": [
          0.7631163096154122,
          0.7631163096154122,
          0.7119312469648769
        ]
      }
    },
    "buffer": [
      {
        "step": 1,
        "subject": 64,
        "added": 24,
        "length": 1054
      }
    ],
    "order": [
      64
    ],
    "attack_mode": "pgd_nhe"
  },
  "summary": {
    "initial_acc": 0.7290697674418605,
    "before_acc": 0.7290697674418605,
    "after_acc": 0.6895348837209302,
    "initial_mf1": 0.7631163096154122,
    "before_mf1": 0.7631163096154122,
    "after_mf1": 0.7119312469648769
  }
}