{
  "performance": {
    "stability": {
      "ACC": [
        0.7024550898203593,
        0.7169461077844311,
        0.7201796407185629,
        0.7151497005988023,
        0.6961077844311377,
        0.7232335329341317,
        0.7104191616766468,
        0.7202395209580839,
        0.6926347305389221,
        0.7207185628742515,
        0.6855688622754491
      ],
      "MF1": [
        0.6880332943309935,
        0.6982398201713108,
        0.7050677135993739,
        0.6865866389882175,
        0.6581200616027809,
        0.7083917862013405,
        0.6771328777020884,
        0.7097104026366383,
        0.6744273278064781,
        0.7080403885180745,
        0.6557139520592558
      ],
      "AAA": [
        0.7024550898203593,
        0.7097005988023952,
        0.7131936127744511,
        0.713682634730539,
        0.7101676646706587,
        0.7123453093812375,
        0.7120701454234389,
        0.7130913173652695,
        0.7108183632734532,
        0.711808383233533,
        0.7094229722373435
      ],
      "AAF1": [
        0.6880332943309935,
        0.6931365572511521,
        0.697113609367226,
        0.6944818667724739,
        0.6872095057385353,
        0.6907398858156695,
        0.6887960275137293,
        0.691410324404093,
        0.6895233247821358,
        0.6913750311557296,
        0.688133114874232
      ],
      "FR": [
        0.0,
        0.020629102378313814,
        0.025232290512317762,
        0.018071775637200457,
        0.009035887818600307,
        0.029579745972210324,
        0.01133748188560228,
        0.025317534737021554,
        0.013980052851419433,
        0.02599948853465175,
        0.024038871366464955
      ]
    },
    "plasticity": {
      "64": {
        "ACC": [
          0.7290697674418605,
          0.7290697674418605,
          0.7406976744186047
        ],
        "MF1": [
          0.7631163096154122,
          0.7631163096154122,
          0.7626375544824235
        ]
      },
      "89": {
        "ACC": [
          0.801,
          0.746,
          0.764
        ],
        "MF1": [
          0.7326458009878241,
          0.6797415392120865,
          0.700077093181156
        ]
      },
      "1": {
        "ACC": [
          0.2,
          0.2441860465116279,
          0.23837209302325582
        ],
        "MF1": [
          0.09178451178451179,
          0.1492700816535833,
          0.14619694851572756
        ]
      },
      "27": {
        "ACC": [
          0.7170454545454545,
          0.7829545454545455,
          0.6806818181818182
        ],
        "MF1": [
          0.6478294628169081,
          0.7055618380306663,
          0.5997603632274577
        ]
      },
      "60": {
        "ACC": [
          0.7068181818181818,
          0.6920454545454545,
          0.7159090909090909
        ],
        "MF1": [
          0.6198544430288646,
          0.6060901184123932,
          0.6434656109899175
        ]
      },
      "5": {
        "ACC": [
          0.3107142857142857,
          0.3678571428571429,
          0.46904761904761905
        ],
        "MF1": [
          0.11302397770724026,
          0.21164484771277045,
          0.2522643612944927
        ]
      },
      "52": {
        "ACC": [
          0.7977272727272727,
          0.7840909090909091,
          0.8090909090909091
        ],
        "MF1": [
          0.7618650459366945,
          0.7463831635859436,
          0.7666422250801859
        ]
      },
      "42": {
        "ACC": [
          0.7897435897435897,
          0.808974358974359,
          0.808974358974359
        ],
        "MF1": [
          0.5786981067581205,
          0.660200002617748,
          0.6770556630844936
        ]
      },
      "80": {
        "ACC": [
          0.6744186046511628,
          0.6441860465116279,
          0.7116279069767442
        ],
        "MF1": [
          0.6381494707872878,
          0.5522683977520007,
          0.6617494943823112
        ]
      },
      "26": {
        "ACC": [
          0.19326923076923078,
          0.20096153846153847,
          0.41346153846153844
        ],
        "MF1": [
          0.07782986135697392,
          0.09557109258345456,
          0.25939178461000834
        ]
      }
    },
    "buffer": [
      {
        "step": 1,
        "subject": 64,
        "added": 21,
        "length": 1051,
        "biased": 8
      },
      {
        "step": 2,
        "subject": 89,
        "added": 34,
        "length": 1085,
        "biased": 6
      },
      {
        "step": 3,
        "subject": 1,
        "added": 0,
        "length": 1085
      },
      {
        "step": 4,
        "subject": 27,
        "added": 34,
        "length": 1119,
        "biased": 11
      },
      {
        "step": 5,
        "subject": 60,
        "added": 32,
        "length": 1151,
        "biased": 11
      },
      {
        "step": 6,
        "subject": 5,
        "added": 1,
        "length": 1152,
        "biased": 1
      },
      {
        "step": 7,
        "subject": 52,
        "added": 28,
        "length": 1180,
        "biased": 7
      },
      {
        "step": 8,
        "subject": 42,
        "added": 24,
        "length": 1204,
        "biased": 10
      },
      {
        "step": 9,
        "subject": 80,
        "added": 30,
        "length": 1234,
        "biased": 8
      },
      {
        "step": 10,
        "subject": 26,
        "added": 0,
        "length": 1234
      }
    ],
    "attack_diagnostics": [
      {
        "attempted": 258,
        "clean_pass_rate": 0.437984496124031,
        "adv_pass_rate": 0.9418604651162791,
        "accepted_rate": 0.9418604651162791,
        "mean_rel_eog": 0.02479018136445019,
        "mean_rel_eeg": 0.024242503982451227,
        "mean_feature_shift": 47.710570441352,
        "step": 1,
        "subject": 64
      },
      {
        "attempted": 300,
        "clean_pass_rate": 0.62,
        "adv_pass_rate": 0.85,
        "accepted_rate": 0.85,
        "mean_rel_eog": 0.025643121140698593,
        "mean_rel_eeg": 0.023137823756163318,
        "mean_feature_shift": 42.09018627802531,
        "step": 2,
        "subject": 89
      },
      {
        "attempted": 258,
        "clean_pass_rate": 0.0,
        "adv_pass_rate": 0.0,
        "accepted_rate": 0.0,
        "mean_rel_eog": 0.0,
        "mean_rel_eeg": 0.0,
        "mean_feature_shift": 0.0,
        "step": 3,
        "subject": 1
      },
      {
        "attempted": 264,
        "clean_pass_rate": 0.8484848484848485,
        "adv_pass_rate": 0.7840909090909091,
        "accepted_rate": 0.7840909090909091,
        "mean_rel_eog": 0.025743294921186235,
        "mean_rel_eeg": 0.021909248704711597,
        "mean_feature_shift": 29.412230597601997,
        "step": 4,
        "subject": 27
      },
      {
        "attempted": 264,
        "clean_pass_rate": 0.6287878787878788,
        "adv_pass_rate": 0.8333333333333334,
        "accepted_rate": 0.8333333333333334,
        "mean_rel_eog": 0.02603564349313577,
        "mean_rel_eeg": 0.01985540861884753,
        "mean_feature_shift": 28.027171664767796,
        "step": 5,
        "subject": 60
      },
      {
        "attempted": 252,
        "clean_pass_rate": 0.0,
        "adv_pass_rate": 0.0,
        "accepted_rate": 0.0,
        "mean_rel_eog": 0.0,
        "mean_rel_eeg": 0.0,
        "mean_feature_shift": 0.0,
        "step": 6,
        "subject": 5
      },
      {
        "attempted": 264,
        "clean_pass_rate": 0.6515151515151515,
        "adv_pass_rate": 0.9431818181818182,
        "accepted_rate": 0.9431818181818182,
        "mean_rel_eog": 0.031924740307860903,
        "mean_rel_eeg": 0.024580918459428683,
        "mean_feature_shift": 35.907405853271484,
        "step": 7,
        "subject": 52
      },
      {
        "attempted": 234,
        "clean_pass_rate": 0.6538461538461539,
        "adv_pass_rate": 0.8632478632478633,
        "accepted_rate": 0.8632478632478633,
        "mean_rel_eog": 0.03192384406510326,