{
  "config": {
    "seed": 4321,
    "data_root": "/home/undefined/Disk/ai-storage/BrainUICL/processed/isruc_group1_npy_float32",
    "input_checkpoint_root": "/home/undefined/Disk/ai-storage/BrainUICL/model_parameter",
    "new_order": [
      64,
      89,
      1,
      27,
      60,
      5,
      52,
      42,
      80,
      26,
      91,
      22,
      61,
      85,
      17,
      36,
      98,
      33,
      55,
      86,
      54,
      84,
      49,
      3,
      2,
      10,
      87,
      15,
      95,
      57,
      70,
      11,
      47,
      65,
      66,
      96,
      83,
      9,
      46,
      31,
      4,
      19,
      99,
      63,
      81,
      25,
      97,
      20,
      13
    ],
    "max_subjects": 0,
    "ssl_epoch": 10,
    "incremental_epoch": 10,
    "attack_mode": "proxy_meta_conflict",
    "proxy_meta_poison_scope": "individual",
    "proxy_meta_poison_fraction": 0.5,
    "proxy_meta_reference": "base_train",
    "proxy_meta_reference_label_mode": "pseudo",
    "proxy_meta_max_rel_eog": 0.2,
    "proxy_meta_max_rel_eeg": 0.2
  },
  "clean_summary": {
    "initial_acc": 0.6463871796739017,
    "before_acc": 0.6154093121460674,
    "after_acc": 0.6148169668479414,
    "initial_mf1": 0.5568022391800787,
    "before_mf1": 0.5428354912620188,
    "after_mf1": 0.5566551685966563
  },
  "attack_summary": {
    "initial_acc": 0.6463871796739017,
    "before_acc": 0.5676511191124082,
    "after_acc": 0.5850013970044553,
    "initial_mf1": 0.5568022391800787,
    "before_mf1": 0.48648005931131877,
    "after_mf1": 0.5075070541055263
  },
  "clean_final": {
    "acc": 0.7119760479041917,
    "mf1": 0.6825429051261941,
    "aaa": 0.6969988023952095,
    "aaf1": 0.6726176481051525,
    "fr": 0.013553831727900461
  },
  "attack_final": {
    "acc": 0.6797005988023952,
    "mf1": 0.650980420650542,
    "aaa": 0.6461221556886229,
    "aaf1": 0.6119438653752364,
    "fr": 0.03239280538743507
  }
}