{
  "performance": {
    "stability": {
      "ACC": [
        0.7024550898203593,
        0.7165868263473054,
        0.7138922155688623
      ],
      "MF1": [
        0.6880332943309935,
        0.7015982808204975,
        0.7016869249580776
      ],
      "AAA": [
        0.7024550898203593,
        0.7095209580838324,
        0.7109780439121757
      ],
      "AAF1": [
        0.6880332943309935,
        0.6948157875757455,
        0.6971061667031896
      ],
      "FR": [
        0.0,
        0.020117637030091205,
        0.01628164691842125
      ]
    },
    "plasticity": {
      "64": {
        "ACC": [
          0.7290697674418605,
          0.7290697674418605,
          0.7290697674418605
        ],
        "MF1": [
          0.7631163096154122,
          0.7631163096154122,
          0.7571089293235764
        ]
      },
      "89": {
        "ACC": [
          0.801,
          0.769,
          0.739
        ],
        "MF1": [
          0.7326458009878241,
          0.7086504540583853,
          0.6810529949990812
        ]
      }
    },
    "buffer": [
      {
        "step": 1,
        "subject": 64,
        "added": 25,
        "length": 1055
      },
      {
        "step": 2,
        "subject": 89,
        "added": 31,
        "length": 1086
      }
    ],
    "attack_diagnostics": [],
    "order": [
      64,
      89
    ],
    "attack_mode": "none"
  },
  "summary": {
    "initial_acc": 0.7650348837209302,
    "before_acc": 0.7490348837209302,
    "after_acc": 0.7340348837209303,
    "initial_mf1": 0.7478810553016182,
    "before_mf1": 0.7358833818368988,
    "after_mf1": 0.7190809621613288
  }
}