{
  "performance": {
    "stability": {
      "ACC": [
        0.7024550898203593,
        0.6889820359281437,
        0.6599401197604791
      ],
      "MF1": [
        0.6880332943309935,
        0.6661852590283541,
        0.6310714824408311
      ],
      "AAA": [
        0.7024550898203593,
        0.6957185628742515,
        0.6837924151696607
      ],
      "AAF1": [
        0.6880332943309935,
        0.6771092766796738,
        0.6617633452667263
      ],
      "FR": [
        0.0,
        0.019179950558349784,
        0.0605233995396812
      ]
    },
    "plasticity": {
      "64": {
        "ACC": [
          0.7290697674418605,
          0.7290697674418605,
          0.6779069767441861
        ],
        "MF1": [
          0.7631163096154122,
          0.7631163096154122,
          0.7081974774936822
        ]
      },
      "89": {
        "ACC": [
          0.801,
          0.679,
          0.626
        ],
        "MF1": [
          0.7326458009878241,
          0.624277553946365,
          0.5618858695216997
        ]
      }
    },
    "buffer": [
      {
        "step": 1,
        "subject": 64,
        "added": 23,
        "length": 1053
      },
      {
        "step": 2,
        "subject": 89,
        "added": 27,
        "length": 1080
      }
    ],
    "attack_diagnostics": [
      {
        "attempted": 86,
        "clean_pass_rate": 0.46511627906976744,
        "adv_pass_rate": 0.8837209302325582,
        "accepted_rate": 0.43023255813953487,
        "mean_rel_eog": 0.003580142172392119,
        "mean_rel_eeg": 0.003329369758086448,
        "mean_feature_shift": 5.564630660143766,
        "step": 1,
        "subject": 64
      },
      {
        "attempted": 100,
        "clean_pass_rate": 0.58,
        "adv_pass_rate": 0.85,
        "accepted_rate": 0.58,
        "mean_rel_eog": 0.005313756418987536,
        "mean_rel_eeg": 0.005320720970093344,
        "mean_feature_shift": 8.006233563789955,
        "step": 2,
        "subject": 89
      }
    ],
    "order": [
      64,
      89
    ],
    "attack_mode": "stealth_drift"
  },
  "summary": {
    "initial_acc": 0.7650348837209302,
    "before_acc": 0.7040348837209303,
    "after_acc": 0.651953488372093,
    "initial_mf1": 0.7478810553016182,
    "before_mf1": 0.6936969317808885,
    "after_mf1": 0.6350416735076909
  }
}