{
  "config": {
    "clean_run_dir": "experiments/rttdp_brainuicl_runs/full49_stealth_loss_drift_advpass_seed4321",
    "attack_run_dir": "experiments/rttdp_brainuicl_runs/full49_stealth_proxy_ascent_slow_seed4321",
    "attack_variant": "attack_stealth_loss_drift",
    "seed": 4321,
    "device": "cuda:0",
    "final_step": 49
  },
  "clean_summary": {
    "initial_acc": 0.6463871796739017,
    "before_acc": 0.6154093121460674,
    "after_acc": 0.6148169668479414,
    "initial_mf1": 0.5568022391800787,
    "before_mf1": 0.5428354912620188,
    "after_mf1": 0.5566551685966563
  },
  "attack_summary": {
    "initial_acc": 0.6463871796739017,
    "before_acc": 0.2533746094903075,
    "after_acc": 0.24389837960879948,
    "initial_mf1": 0.5568022391800787,
    "before_mf1": 0.13673787373061527,
    "after_mf1": 0.13165839826460565
  },
  "clean_final": {
    "acc": 0.7119760479041917,
    "mf1": 0.6825429051261941,
    "aaa": 0.6969988023952095,
    "aaf1": 0.6726176481051525,
    "fr": 0.013553831727900461
  },
  "attack_final": {
    "acc": 0.19491017964071855,
    "mf1": 0.0652468053119519,
    "aaa": 0.2743604790419161,
    "aaf1": 0.16874147792613559,
    "fr": 0.7225300485892081
  },
  "final_delta_attack_minus_clean": {
    "acc": -0.5170658682634731,
    "mf1": -0.6172960998142422,
    "aaa": -0.4226383233532934,
    "aaf1": -0.5038761701790169,
    "fr": 0.7089762168613076
  },
  "clean_low_point": {
    "min_acc": 0.5374251497005988,
    "min_acc_step": 17,
    "min_mf1": 0.48247243299429965,
    "min_mf1_step": 17
  },
  "attack_low_point": {
    "min_acc": 0.15149700598802396,
    "min_acc_step": 26,
    "min_mf1": 0.060594350870548395,
    "min_mf1_step": 28
  },
  "clean_buffer": {
    "final_length": 2341,
    "total_added": 1311,
    "total_biased": 0,
    "mean_added": 26.755102040816325
  },
  "attack_buffer": {
    "final_length": 2843,
    "total_added": 1813,
    "total_biased": 537,
    "mean_added": 37.0
  },
  "attack_diagnostics": {
    "clean_pass_rate": {
      "mean": 0.8099837691820145,
      "min": 0.08255813953488372,
      "max": 1.0
    },
    "adv_pass_rate": {
      "mean": 0.8697648921027061,
      "min": 0.06442307692307692,
      "max": 1.0
    },
    "accepted_rate": {
      "mean": 0.8697648921027061,
      "min": 0.06442307692307692,
      "max": 1.0
    },
    "mean_rel_eog": {
      "mean": 0.032389081411131386,
      "min": 0.002275491582986433,
      "max": 0.09397696610540152
    },
    "mean_rel_eeg": {
      "mean": 0.027247314477896915,
      "min": 0.0016518681804882362,
      "max": 0.08805443070208033
    },
    "mean_feature_shift": {
      "mean": 53.75392033712317,
      "min": 0.255674940161407,
      "max": 156.29429257710774
    }
  },
  "final_checkpoint_eval": {
    "old_generalization": {
      "subjects": [
        6,
        14,
        32,
        39,
        43,
        44,
        51,
        56,
        59,
        62,
        67,
        68,
        72,
        73,
        75,
        88,
        90,
        92,
        100
      ],
      "clean": {
        "acc": 0.7119760479041917,
        "mf1": 0.6825429051261941,
        "n_epochs": 16700
      },
      "attack": {
        "acc": 0.19491017964071855,
        "mf1": 0.0652468053119519,
        "n_epochs": 16700
      },
      "delta_attack_minus_clean": {
        "acc": -0.5170658682634731,
        "mf1": -0.6172960998142422
      }
    },
    "new_order_all": {
      "subjects": [
        64,
        89,
        1,
        27,
        60,
        5,
        52,
        42,
        80,
        26,
        91,
        22,
        61,
        85,
        17,
        36,
        98,
        33,
        55,
        86,
        54,
        84,
        49,
        3,
        2,
        10,
        87,
        15,
        95,
        57,
        70,
        11,
        47,
        65,
        66,
        96,
        83,
        9,
        46,
        31,
        4,
        19,
        99,
        63,
        81,
        25,
        97,
        20,
        13
      ],
      "clean": {
        "acc": 0.6094972067039106,
        "mf1": 0.5787054884183412,
        "n_epochs": 42960
      },
      "attack": {
        "acc": 0.20181564245810055,
        "mf1": 0.06717024985473562,
        "n_epochs": 42960
      },
      "delta_attack_minus_clean": {
        "acc": -0.40768156424581004,
        "mf1": -0.5115352385636056
      }
    },
    "source_train": {
      "subjects": [
        7,
        16,
        18,
        23,
        24,
        28,
        30,
        34,
        35,
        37,
        38,
        41,
        45,
        48,
        50,
        53,
        69,
        71,
        74,
        78,
        79,
        82,
        93,
        94
      ],
      "clean": {
        "acc": 0.7112135922330097,
        "mf1": 0.6893529525268467,
        "n_epochs": 20600
      },
      "attack": {
        "acc": 0.18597087378640775,
        "mf1": 0.06272358888297655,
        "n_epochs": 20600
      },
      "delta_attack_minus_clean": {
        "acc": -0.525242718446602,
        "mf1": -0.6266293636438701
      }
    },
    "validation": {
      "subjects": [
        12,
        21,
        29,
        58,
        76,
        77
      ],
      "clean": {
        "acc": 0.6391634980988593,
        "mf1": 0.6131961205910972,
        "n_epochs": 5260
      },
      "attack": {
        "acc": 0.21045627376425854,
        "mf1": 0.069546097062981,
        "n_epochs": 5260
      },
      "delta_attack_minus_clean": {
        "acc": -0.42870722433460073,
        "mf1": -0.5436500235281162
      }
    }
  }
}