{
  "config": {
    "clean_run_dir": "experiments/rttdp_brainuicl_runs/probe10_stealth_proxy_ascent",
    "attack_run_dir": "experiments/rttdp_brainuicl_runs/probe10_stealth_proxy_ascent",
    "attack_variant": "attack_stealth_loss_drift",
    "seed": 4321,
    "device": "cuda:0",
    "final_step": 10
  },
  "clean_summary": {
    "initial_acc": 0.591980638741104,
    "before_acc": 0.5920039650272209,
    "after_acc": 0.6151745638082847,
    "initial_mf1": 0.5024796990779837,
    "before_mf1": 0.5054106596830572,
    "after_mf1": 0.5274961068516304
  },
  "attack_summary": {
    "initial_acc": 0.591980638741104,
    "before_acc": 0.3007857394543441,
    "after_acc": 0.2633578475787778,
    "initial_mf1": 0.5024796990779837,
    "before_mf1": 0.19370111276964463,
    "after_mf1": 0.16154451780517057
  },
  "clean_final": {
    "acc": 0.6501796407185628,
    "mf1": 0.6032201245242936,
    "aaa": 0.7046271094175286,
    "aaf1": 0.6828109327345376,
    "fr": 0.07441820816639684
  },
  "attack_final": {
    "acc": 0.19497005988023952,
    "mf1": 0.06535578341814079,
    "aaa": 0.30579205225911815,
    "aaf1": 0.2164367631550235,
    "fr": 0.7224448043645043
  },
  "final_delta_attack_minus_clean": {
    "acc": -0.4552095808383233,
    "mf1": -0.5378643411061529,
    "aaa": -0.39883505715841044,
    "aaf1": -0.46637416957951416,
    "fr": 0.6480265961981074
  },
  "clean_low_point": {
    "min_acc": 0.6501796407185628,
    "min_acc_step": 10,
    "min_mf1": 0.6032201245242936,
    "min_mf1_step": 10
  },
  "attack_low_point": {
    "min_acc": 0.18269461077844312,
    "min_acc_step": 6,
    "min_mf1": 0.06400936411628977,
    "min_mf1_step": 7
  },
  "clean_buffer": {
    "final_length": 1271,
    "total_added": 241,
    "total_biased": 0,
    "mean_added": 24.1
  },
  "attack_buffer": {
    "final_length": 1426,
    "total_added": 396,
    "total_biased": 141,
    "mean_added": 39.6
  },
  "attack_diagnostics": {
    "clean_pass_rate": {
      "mean": 0.77653818920098,
      "min": 0.09126984126984126,
      "max": 1.0
    },
    "adv_pass_rate": {
      "mean": 0.8538166381422195,
      "min": 0.07539682539682539,
      "max": 1.0
    },
    "accepted_rate": {
      "mean": 0.8538166381422195,
      "min": 0.07539682539682539,
      "max": 1.0
    },
    "mean_rel_eog": {
      "mean": 0.02599709013075982,
      "min": 0.0012966332918343444,
      "max": 0.03609086689539254
    },
    "mean_rel_eeg": {
      "mean": 0.025008912343117928,
      "min": 0.0023219878267910746,
      "max": 0.04518597386777401
    },
    "mean_feature_shift": {
      "mean": 34.254749707463716,
      "min": 0.3135187203685443,
      "max": 57.63231531778971
    }
  },
  "final_checkpoint_eval": {
    "old_generalization": {
      "subjects": [
        6,
        14,
        32,
        39,
        43,
        44,
        51,
        56,
        59,
        62,
        67,
        68,
        72,
        73,
        75,
        88,
        90,
        92,
        100
      ],
      "clean": {
        "acc": 0.6501796407185628,
        "mf1": 0.6032201245242936,
        "n_epochs": 16700
      },
      "attack": {
        "acc": 0.19497005988023952,
        "mf1": 0.06535578341814079,
        "n_epochs": 16700
      },
      "delta_attack_minus_clean": {
        "acc": -0.4552095808383233,
        "mf1": -0.5378643411061529
      }
    },
    "new_order_all": {
      "subjects": [
        64,
        89,
        1,
        27,
        60,
        5,
        52,
        42,
        80,
        26
      ],
      "clean": {
        "acc": 0.5254504504504505,
        "mf1": 0.48235042273018375,
        "n_epochs": 8880
      },
      "attack": {
        "acc": 0.21171171171171171,
        "mf1": 0.06988847583643124,
        "n_epochs": 8880
      },
      "delta_attack_minus_clean": {
        "acc": -0.31373873873873875,
        "mf1": -0.4124619468937525
      }
    },
    "source_train": {
      "subjects": [
        7,
        16,
        18,
        23,
        24,
        28,
        30,
        34,
        35,
        37,
        38,
        41,
        45,
        48,
        50,
        53,
        69,
        71,
        74,
        78,
        79,
        82,
        93,
        94
      ],
      "clean": {
        "acc": 0.6644174757281553,
        "mf1": 0.6357424870388682,
        "n_epochs": 20600
      },
      "attack": {
        "acc": 0.18597087378640775,
        "mf1": 0.06272358888297655,
        "n_epochs": 20600
      },
      "delta_attack_minus_clean": {
        "acc": -0.4784466019417476,
        "mf1": -0.5730188981558916
      }
    },
    "validation": {
      "subjects": [
        12,
        21,
        29,
        58,
        76,
        77
      ],
      "clean": {
        "acc": 0.6003802281368821,
        "mf1": 0.5567006750364314,
        "n_epochs": 5260
      },
      "attack": {
        "acc": 0.21045627376425854,
        "mf1": 0.069546097062981,
        "n_epochs": 5260
      },
      "delta_attack_minus_clean": {
        "acc": -0.3899239543726235,
        "mf1": -0.4871545779734504
      }
    }
  }
}